Year,State,District,Soil_Type,Soil_pH,Nitrogen,Phosphorus,Potassium,Avg_Temperature_C,Rainfall_mm,Humidity_%,Irrigation_Type,Crop,Yield_t_per_hectare,Market_Price_per_ton,Profit_Index
2016,Tamil Nadu,Guntur,Red,6.52,32,64,56,24.1,1136,73,Sprinkler,Sugarcane,4.08,3163,12.91
2020,Andhra Pradesh,Coimbatore,Black,8.06,34,24,94,34.3,708,92,Rainfed,Cotton,5.46,4518,24.67
2023,Telangana,Salem,Black,8.42,70,21,48,37.9,1179,51,Rainfed,Cotton,5.86,4485,26.28
2019,Telangana,Krishna,Clay,5.69,31,59,91,31,673,65,Drip,Maize,2.21,2223,4.91
2023,Maharashtra,Warangal,Sandy,5.7,29,11,38,23.1,726,87,Rainfed,Rice,1.97,4547,8.96
2016,Maharashtra,Mysuru,Black,7.34,42,18,42,38,1147,87,Rainfed,Maize,6.21,5023,31.19
2016,Andhra Pradesh,Krishna,Black,6.43,76,20,52,34.9,1003,40,Drip,Sugarcane,4.1,5716,23.44
2022,Andhra Pradesh,Warangal,Alluvial,5.94,79,27,114,23,511,52,Drip,Cotton,3.16,2886,9.12
2020,Telangana,Salem,Alluvial,7.38,53,36,114,37.6,575,64,Sprinkler,Rice,5.78,2181,12.61
2018,Telangana,Karimnagar,Red,7.28,29,12,50,32.3,709,45,Sprinkler,Maize,5.35,5498,29.41
2022,Tamil Nadu,Karimnagar,Sandy,6.38,58,44,41,27.6,276,56,Canal,Sugarcane,5.87,1999,11.73
2022,Maharashtra,Guntur,Black,6.68,20,65,28,30.7,205,57,Canal,Rice,4.75,5154,24.48
2015,Tamil Nadu,Coimbatore,Clay,7.67,21,70,43,23.8,218,73,Sprinkler,Cotton,2.26,1339,3.03
2015,Tamil Nadu,Karimnagar,Black,7.08,101,66,38,20.7,765,62,Rainfed,Maize,4.08,1870,7.63
2019,Telangana,Salem,Black,7.55,109,33,85,32.6,688,92,Rainfed,Rice,6.47,3732,24.15
2019,Karnataka,Guntur,Clay,8.49,59,32,45,28.6,991,75,Rainfed,Sugarcane,2.37,3924,9.3
2017,Telangana,Guntur,Red,8.25,62,76,87,31.7,820,62,Rainfed,Rice,3.32,2502,8.31
2020,Tamil Nadu,Salem,Clay,5.77,32,62,80,32.4,771,73,Sprinkler,Rice,2.5,3404,8.51
2020,Maharashtra,Mysuru,Clay,6.69,72,80,46,24,1091,67,Sprinkler,Millets,4.63,5277,24.43
2023,Tamil Nadu,Guntur,Black,6.4,77,32,36,32,580,71,Sprinkler,Millets,2.44,4721,11.52
2019,Tamil Nadu,Krishna,Clay,6.21,80,54,20,27.8,1012,52,Sprinkler,Sugarcane,4.21,5495,23.13
2019,Telangana,Salem,Alluvial,7.23,61,48,33,29.1,636,73,Drip,Sugarcane,5.88,2831,16.65
2019,Tamil Nadu,Coimbatore,Black,7.61,46,41,120,29.1,277,76,Drip,Cotton,1.65,3373,5.57
2015,Maharashtra,Krishna,Red,7.65,58,53,120,38.1,395,90,Sprinkler,Rice,3.3,4214,13.91
2022,Maharashtra,Anantapur,Black,6.95,33,52,96,28.5,989,70,Sprinkler,Sugarcane,2.8,5323,14.9
2015,Telangana,Mysuru,Clay,6.02,41,42,41,39.4,655,88,Rainfed,Sugarcane,5.19,3391,17.6
2022,Maharashtra,Salem,Sandy,6.99,38,60,62,28.3,699,87,Drip,Groundnut,3.67,2436,8.94
2019,Karnataka,Karimnagar,Black,8.43,91,25,54,21.9,706,87,Drip,Groundnut,3.03,2963,8.98
2014,Tamil Nadu,Mysuru,Alluvial,6.95,45,29,118,35.6,1190,46,Canal,Cotton,6.35,1210,7.68
2021,Karnataka,Salem,Red,7.73,59,15,32,33.3,893,48,Canal,Sugarcane,4.45,3052,13.58
2014,Maharashtra,Anantapur,Red,7.04,91,56,21,24.3,1042,40,Rainfed,Sugarcane,3.35,1639,5.49
2015,Maharashtra,Warangal,Red,6.08,102,77,66,24.8,522,93,Drip,Maize,2.77,4580,12.69
2018,Telangana,Mysuru,Red,7.2,108,33,101,29.3,238,47,Canal,Maize,3.09,3765,11.63
2016,Tamil Nadu,Krishna,Clay,8.24,46,63,115,39,329,66,Sprinkler,Maize,2.96,5513,16.32
2017,Maharashtra,Mysuru,Sandy,8.45,68,20,50,24.6,537,57,Sprinkler,Rice,4.15,1299,5.39
2014,Andhra Pradesh,Coimbatore,Sandy,6.42,73,51,54,20.3,454,42,Sprinkler,Millets,2.74,2117,5.8
2016,Tamil Nadu,Warangal,Red,7.28,88,62,39,25.9,374,64,Rainfed,Rice,5.07,4881,24.75
2019,Andhra Pradesh,Anantapur,Red,6.49,29,69,49,32.4,1020,41,Sprinkler,Groundnut,3.66,3883,14.21
2022,Andhra Pradesh,Guntur,Sandy,8.06,74,72,90,34.3,785,83,Rainfed,Cotton,6.33,1887,11.94
2017,Maharashtra,Salem,Clay,6.79,63,65,41,34.5,806,91,Sprinkler,Millets,3.62,3793,13.73
2015,Maharashtra,Salem,Black,7.61,105,76,34,28,508,73,Rainfed,Maize,5.63,2959,16.66
2018,Maharashtra,Mysuru,Sandy,8.04,119,13,73,22,881,45,Sprinkler,Sugarcane,5.14,4913,25.25
2016,Telangana,Anantapur,Alluvial,7.62,106,45,37,32.9,510,53,Sprinkler,Groundnut,4.32,5391,23.29
2016,Tamil Nadu,Mysuru,Alluvial,6.11,112,55,73,39.8,775,50,Drip,Millets,2.94,1226,3.6
2020,Tamil Nadu,Coimbatore,Red,7.79,113,14,119,35.7,601,72,Canal,Millets,2.14,2852,6.1
2023,Karnataka,Guntur,Black,6.71,78,10,116,21.5,309,79,Sprinkler,Sugarcane,3.92,2795,10.96
2018,Maharashtra,Coimbatore,Clay,7.58,63,52,34,33.8,794,77,Rainfed,Rice,5.69,2298,13.08
2017,Telangana,Mysuru,Alluvial,6.65,42,58,114,34,783,43,Canal,Maize,6.19,2498,15.46
2021,Telangana,Mysuru,Alluvial,5.55,52,10,79,29.7,442,94,Canal,Groundnut,4.97,2427,12.06
2020,Andhra Pradesh,Krishna,Black,6.08,20,72,85,27.7,879,49,Rainfed,Sugarcane,2.07,4260,8.82
2016,Tamil Nadu,Guntur,Clay,6.69,51,37,62,27.3,829,81,Drip,Millets,1.95,4620,9.01
2018,Telangana,Salem,Sandy,7.67,49,43,83,29.2,1030,51,Sprinkler,Maize,3.98,2340,9.31
2019,Karnataka,Salem,Black,7.51,81,13,111,34.3,1057,61,Drip,Rice,4.89,5379,26.3
2018,Telangana,Guntur,Alluvial,7.96,70,47,34,31,984,78,Sprinkler,Groundnut,1.68,2936,4.93
2020,Tamil Nadu,Coimbatore,Clay,5.56,99,63,99,35.2,1111,86,Drip,Maize,4.92,2515,12.37
2017,Karnataka,Guntur,Black,6.29,116,52,96,27.2,540,74,Drip,Maize,5.26,2349,12.36
2018,Tamil Nadu,Coimbatore,Sandy,7.61,58,36,89,31.1,771,46,Rainfed,Sugarcane,6.19,5289,32.74
2014,Andhra Pradesh,Karimnagar,Alluvial,7.7,28,37,27,38.8,325,52,Canal,Millets,3.7,5132,18.99
2023,Tamil Nadu,Mysuru,Red,6.4,58,36,47,30.4,900,95,Rainfed,Groundnut,4.08,2704,11.03
2019,Tamil Nadu,Salem,Alluvial,8.48,74,72,54,23.5,791,72,Canal,Sugarcane,3.24,2099,6.8
2016,Andhra Pradesh,Karimnagar,Black,6.67,26,22,48,35,801,65,Rainfed,Sugarcane,3.72,4991,18.57
2022,Andhra Pradesh,Anantapur,Sandy,7.79,74,52,73,32.5,1154,72,Canal,Groundnut,3.22,5420,17.45
2018,Andhra Pradesh,Anantapur,Clay,6.18,41,44,65,22.4,307,51,Sprinkler,Rice,4.7,3420,16.07
2023,Telangana,Warangal,Alluvial,6.4,110,21,37,35.3,763,94,Rainfed,Groundnut,5.27,1667,8.79
2021,Maharashtra,Coimbatore,Alluvial,7.26,91,27,78,31.5,237,82,Canal,Groundnut,1.56,5087,7.94
2017,Andhra Pradesh,Salem,Alluvial,6.92,61,37,99,34.8,904,78,Rainfed,Rice,1.77,2900,5.13
2022,Telangana,Warangal,Clay,8.02,40,25,20,37.6,658,83,Canal,Sugarcane,3.58,2135,7.64
2019,Maharashtra,Coimbatore,Sandy,8.38,64,74,32,36.9,845,95,Sprinkler,Maize,3.41,5729,19.54
2018,Maharashtra,Krishna,Black,7.1,36,23,31,22.5,1062,67,Canal,Groundnut,2.88,5146,14.82
2016,Karnataka,Mysuru,Red,6.86,50,74,92,33.8,462,74,Sprinkler,Groundnut,3.02,1200,3.62
2014,Tamil Nadu,Coimbatore,Sandy,7.05,107,50,104,37.7,566,80,Rainfed,Millets,3.66,3951,14.46
2017,Telangana,Krishna,Red,7.07,95,76,97,29,462,52,Sprinkler,Maize,5.63,3063,17.24
2018,Andhra Pradesh,Krishna,Clay,7.13,66,38,35,24.5,955,84,Sprinkler,Millets,5.66,1276,7.22
2017,Karnataka,Anantapur,Sandy,7.01,25,78,58,29.1,301,74,Sprinkler,Rice,4.61,3865,17.82
2023,Andhra Pradesh,Salem,Sandy,6.34,118,43,71,38.8,728,86,Rainfed,Millets,3.75,1844,6.92
2017,Karnataka,Krishna,Red,8.09,75,60,39,36.9,954,56,Drip,Groundnut,4.52,3425,15.48
2015,Telangana,Salem,Sandy,7.66,70,12,35,36.7,346,65,Sprinkler,Millets,4.65,5877,27.33
2016,Telangana,Mysuru,Black,7.87,46,50,70,34.1,814,70,Rainfed,Millets,3.22,2171,6.99
2018,Tamil Nadu,Karimnagar,Alluvial,6.36,45,23,93,29.8,832,82,Rainfed,Millets,3.87,1828,7.07
2019,Karnataka,Salem,Alluvial,8.15,27,78,41,36.4,796,93,Rainfed,Maize,2.5,4032,10.08
2020,Karnataka,Salem,Red,7.03,79,59,51,38.4,215,65,Drip,Sugarcane,3.78,2169,8.2
2021,Maharashtra,Mysuru,Red,7.02,90,33,44,20.1,1049,50,Canal,Rice,2.86,3070,8.78
2017,Maharashtra,Krishna,Clay,5.51,75,29,74,27.2,443,60,Drip,Cotton,5.68,2120,12.04
2016,Tamil Nadu,Karimnagar,Sandy,7.11,90,41,38,39.1,597,58,Drip,Cotton,6.05,1836,11.11
2021,Karnataka,Anantapur,Sandy,5.57,72,55,117,20.9,771,65,Rainfed,Maize,2.88,1662,4.79
2022,Maharashtra,Krishna,Sandy,7.25,91,17,99,35.8,623,85,Rainfed,Groundnut,4.81,2765,13.3
2019,Andhra Pradesh,Salem,Alluvial,7.5,40,63,90,38.3,442,67,Sprinkler,Cotton,3.04,1703,5.18
2016,Andhra Pradesh,Anantapur,Red,7.51,34,10,78,26.7,1078,49,Sprinkler,Groundnut,4.91,3119,15.31
2019,Karnataka,Mysuru,Red,6.6,41,10,94,23.8,1085,58,Rainfed,Cotton,5.2,4815,25.04
2020,Andhra Pradesh,Mysuru,Alluvial,7.9,55,59,41,32,670,45,Canal,Cotton,6.25,3150,19.69
2018,Telangana,Salem,Clay,6.29,23,50,94,25.4,1015,62,Canal,Groundnut,2.89,4133,11.94
2017,Telangana,Salem,Black,5.79,26,26,30,34,989,65,Canal,Cotton,3.82,2256,8.62
2018,Telangana,Anantapur,Sandy,5.78,109,77,113,21.3,351,51,Rainfed,Groundnut,4.56,4992,22.76
2021,Karnataka,Salem,Black,7.29,83,32,64,39.7,606,47,Sprinkler,Maize,1.54,5776,8.9
2022,Karnataka,Mysuru,Red,8.16,36,64,87,30.6,626,77,Sprinkler,Maize,5.89,1876,11.05
2019,Telangana,Mysuru,Black,7.74,28,17,42,22.5,420,66,Canal,Groundnut,1.6,1212,1.94
2015,Telangana,Salem,Clay,6.84,76,15,80,28.5,415,41,Canal,Groundnut,6.19,2882,17.84
2018,Tamil Nadu,Guntur,Alluvial,5.79,84,42,107,32.6,828,50,Rainfed,Millets,4.03,3619,14.58
2020,Maharashtra,Krishna,Black,5.9,97,23,53,39.3,425,74,Canal,Sugarcane,3.08,3284,10.11
2018,Maharashtra,Krishna,Sandy,6.58,67,53,99,23.6,1059,79,Sprinkler,Sugarcane,5.02,1879,9.43
2020,Telangana,Guntur,Black,5.94,101,11,59,30,577,61,Canal,Rice,2.3,4791,11.02
2023,Maharashtra,Karimnagar,Alluvial,6.77,92,18,66,38.8,328,82,Rainfed,Maize,1.88,5489,10.32
2017,Telangana,Anantapur,Clay,7.53,95,40,96,22.7,1158,43,Canal,Sugarcane,1.77,1825,3.23
2018,Karnataka,Coimbatore,Sandy,6.99,28,30,72,20.8,754,42,Sprinkler,Sugarcane,2.6,2842,7.39
2019,Karnataka,Salem,Black,5.53,102,49,120,21.7,239,85,Sprinkler,Rice,3.66,1509,5.52
2018,Maharashtra,Warangal,Sandy,6.37,45,15,67,37.3,797,71,Canal,Cotton,5.75,3437,19.76
2016,Karnataka,Krishna,Clay,7.86,54,32,45,35.8,465,44,Rainfed,Millets,4.43,5877,26.04
2016,Andhra Pradesh,Karimnagar,Black,6.01,72,28,34,33.5,317,41,Sprinkler,Maize,3.2,1706,5.46
2014,Maharashtra,Anantapur,Clay,7.03,53,41,24,39.1,261,70,Sprinkler,Cotton,2.5,3169,7.92
2022,Karnataka,Krishna,Black,6.22,34,30,62,23.7,355,95,Rainfed,Cotton,5.58,4696,26.2
2023,Karnataka,Warangal,Red,6.8,97,73,53,27.4,586,43,Sprinkler,Rice,2.3,2554,5.87
2023,Maharashtra,Salem,Red,8.2,82,32,38,34,1148,50,Rainfed,Groundnut,4.44,2758,12.25
2019,Maharashtra,Warangal,Black,6.47,54,45,83,24.3,1172,57,Sprinkler,Cotton,5.7,5237,29.85
2020,Telangana,Mysuru,Alluvial,5.89,28,16,54,31.9,518,76,Drip,Groundnut,3.93,4513,17.74
2019,Karnataka,Coimbatore,Black,5.99,34,37,62,21.8,830,87,Rainfed,Maize,2.58,3974,10.25
2018,Karnataka,Karimnagar,Alluvial,5.97,105,25,109,26.2,871,40,Sprinkler,Rice,6.18,2567,15.86
2022,Karnataka,Anantapur,Clay,6.12,32,32,22,23.2,561,83,Rainfed,Sugarcane,5.06,4131,20.9
2015,Telangana,Guntur,Sandy,6.04,94,61,41,38.9,846,63,Rainfed,Sugarcane,2.18,5178,11.29
2014,Telangana,Anantapur,Clay,7.51,66,20,31,25.7,900,67,Drip,Maize,3.67,5313,19.5
2020,Tamil Nadu,Karimnagar,Clay,6.58,35,59,30,25.9,916,62,Sprinkler,Groundnut,5.29,4197,22.2
2021,Maharashtra,Guntur,Black,7.37,71,70,109,28.5,1198,61,Sprinkler,Groundnut,1.74,5082,8.84
2014,Tamil Nadu,Warangal,Alluvial,7.37,97,66,53,36.7,817,54,Drip,Cotton,3.79,5406,20.49
2015,Tamil Nadu,Guntur,Black,5.56,111,78,38,38.4,1094,67,Drip,Groundnut,2.16,2179,4.71
2022,Maharashtra,Karimnagar,Red,6.52,81,58,28,24.8,950,84,Rainfed,Cotton,2.69,4066,10.94
2017,Andhra Pradesh,Guntur,Sandy,5.8,53,35,25,21.4,923,67,Canal,Sugarcane,5.36,3030,16.24
2016,Andhra Pradesh,Guntur,Black,6.07,28,79,53,37,1010,71,Canal,Cotton,1.77,5493,9.72
2019,Andhra Pradesh,Coimbatore,Clay,5.64,106,78,73,30.4,1078,41,Canal,Sugarcane,1.62,4636,7.51
2023,Andhra Pradesh,Warangal,Black,7.27,28,68,35,33.4,1164,61,Drip,Groundnut,5.61,5948,33.37
2016,Tamil Nadu,Mysuru,Sandy,8.43,86,49,98,25,1197,67,Drip,Sugarcane,1.95,1952,3.81
2020,Telangana,Salem,Alluvial,5.86,102,10,110,36.9,1003,93,Rainfed,Millets,2.56,5814,14.88
2016,Karnataka,Guntur,Clay,8.02,28,77,41,22,511,79,Sprinkler,Maize,3.61,2308,8.33
2023,Tamil Nadu,Salem,Clay,6.24,89,53,111,34.8,1160,66,Sprinkler,Sugarcane,3.99,3105,12.39
2023,Karnataka,Guntur,Red,5.91,59,47,31,25.6,706,84,Sprinkler,Rice,5.83,2577,15.02
2019,Karnataka,Salem,Sandy,8.32,43,51,74,29.5,510,64,Drip,Groundnut,5.44,4155,22.6
2022,Tamil Nadu,Karimnagar,Alluvial,6.59,79,31,49,21.3,836,88,Rainfed,Sugarcane,4.2,3237,13.6
2020,Karnataka,Karimnagar,Black,5.87,98,24,49,21.5,1062,57,Drip,Groundnut,2.17,5206,11.3
2022,Tamil Nadu,Salem,Red,6.59,25,39,76,20.5,1121,63,Rainfed,Cotton,5.77,4012,23.15
2015,Andhra Pradesh,Warangal,Sandy,6.57,95,79,72,38.7,906,63,Canal,Millets,3.57,3324,11.87
2023,Maharashtra,Salem,Red,7.03,60,19,53,26.6,1108,47,Drip,Maize,2.51,3369,8.46
2015,Tamil Nadu,Coimbatore,Alluvial,8.42,48,59,86,24.9,357,86,Rainfed,Millets,2.48,3246,8.05
2014,Maharashtra,Warangal,Sandy,8.35,108,71,104,30.3,335,47,Canal,Cotton,1.69,4578,7.74
2021,Telangana,Anantapur,Red,6.93,97,14,39,35,202,66,Drip,Maize,1.94,2149,4.17
2018,Tamil Nadu,Krishna,Clay,5.55,87,59,100,38.5,1012,40,Rainfed,Millets,3.39,4131,14
2021,Andhra Pradesh,Mysuru,Red,8.33,115,20,112,21.3,433,89,Sprinkler,Millets,1.72,2743,4.72
2014,Karnataka,Krishna,Alluvial,5.79,65,12,47,36.7,790,42,Rainfed,Sugarcane,2.74,3236,8.87
2023,Telangana,Mysuru,Red,5.75,43,78,100,24.8,1002,94,Canal,Millets,5.84,4798,28.02
2023,Karnataka,Mysuru,Alluvial,6.11,77,42,81,21.4,563,72,Canal,Rice,2.89,2465,7.12
2020,Telangana,Karimnagar,Sandy,8.22,37,48,120,27.7,762,74,Drip,Sugarcane,5.45,2421,13.19
2022,Tamil Nadu,Karimnagar,Sandy,7.81,36,15,88,25.2,1033,64,Sprinkler,Groundnut,2.77,1382,3.83
2023,Andhra Pradesh,Anantapur,Red,6.56,109,66,86,32.7,862,85,Drip,Sugarcane,3.87,5899,22.83
2020,Karnataka,Salem,Sandy,7.39,48,74,109,35.7,1179,45,Sprinkler,Groundnut,2.63,2574,6.77
2022,Tamil Nadu,Anantapur,Red,6.06,75,12,102,37.9,694,94,Canal,Sugarcane,4.82,3526,17
2019,Telangana,Warangal,Red,7.71,59,18,56,37.5,687,42,Rainfed,Rice,4.56,5483,25
2016,Maharashtra,Coimbatore,Black,8.14,91,68,20,21.8,748,76,Drip,Sugarcane,6.18,4075,25.18
2018,Telangana,Krishna,Red,6.5,64,39,118,38.6,768,65,Sprinkler,Rice,2.86,5467,15.64
2014,Tamil Nadu,Warangal,Red,8.19,98,74,52,26.6,753,47,Rainfed,Cotton,5.6,5902,33.05
2022,Andhra Pradesh,Salem,Sandy,7.81,41,65,73,26,942,47,Drip,Groundnut,2.19,5395,11.82
2015,Karnataka,Salem,Red,6.23,118,55,99,39.6,559,95,Canal,Rice,3.81,1876,7.15
2018,Maharashtra,Warangal,Sandy,7.41,44,80,118,21.1,1061,85,Canal,Millets,5.44,1363,7.41
2023,Andhra Pradesh,Coimbatore,Clay,8.46,103,69,49,29.2,841,95,Canal,Maize,5.3,3134,16.61
2020,Telangana,Salem,Red,6.04,114,51,64,31.4,776,69,Canal,Millets,5.01,2802,14.04
2019,Tamil Nadu,Salem,Black,6.42,100,30,43,35.7,932,50,Canal,Millets,2.69,2615,7.03
2016,Telangana,Anantapur,Red,6.6,75,32,42,28.9,1025,83,Drip,Maize,6.08,3465,21.07
2014,Tamil Nadu,Coimbatore,Alluvial,7.34,56,79,58,32.2,670,62,Sprinkler,Millets,4.81,5549,26.69
2017,Andhra Pradesh,Salem,Black,7,71,25,75,34.6,332,95,Canal,Millets,1.79,3191,5.71
2014,Tamil Nadu,Warangal,Black,7.77,94,59,62,21.5,636,50,Rainfed,Groundnut,6.38,3920,25.01
2016,Karnataka,Karimnagar,Alluvial,6.7,45,25,20,39.1,1173,53,Rainfed,Millets,3.19,5494,17.53
2014,Karnataka,Mysuru,Clay,7.83,77,41,102,33.9,363,70,Rainfed,Groundnut,1.7,3685,6.26
2020,Andhra Pradesh,Warangal,Alluvial,7.48,52,29,107,29.6,690,52,Drip,Sugarcane,4.12,2800,11.54
2014,Tamil Nadu,Anantapur,Black,7.5,45,37,89,22.7,896,92,Canal,Maize,6.24,5270,32.88
2023,Maharashtra,Anantapur,Alluvial,8.28,69,43,27,30.9,1084,60,Sprinkler,Rice,2.7,3562,9.62
2018,Maharashtra,Warangal,Red,7.83,60,12,52,28.7,806,52,Canal,Cotton,5.87,2692,15.8
2015,Maharashtra,Salem,Alluvial,6.5,31,74,68,35.4,556,48,Drip,Cotton,2.92,2286,6.68
2019,Andhra Pradesh,Krishna,Clay,7.89,104,48,69,25.4,1106,44,Drip,Sugarcane,1.54,1426,2.2
2022,Tamil Nadu,Mysuru,Clay,5.65,58,45,87,25.2,1079,79,Canal,Rice,4.71,2569,12.1
2017,Maharashtra,Warangal,Alluvial,8.26,44,55,110,37.8,406,79,Canal,Groundnut,5.09,2091,10.64
2022,Tamil Nadu,Karimnagar,Sandy,6.14,65,40,33,21.9,249,63,Rainfed,Rice,2.19,3966,8.69
2017,Karnataka,Guntur,Red,7.57,34,44,75,35,607,68,Sprinkler,Sugarcane,5.02,2307,11.58
2019,Tamil Nadu,Warangal,Red,5.7,106,47,31,24.7,916,87,Sprinkler,Rice,4.63,2318,10.73
2022,Telangana,Anantapur,Clay,7.55,50,35,29,22.2,689,79,Drip,Groundnut,4.21,4846,20.4
2015,Karnataka,Salem,Red,6.06,86,54,51,34.5,432,58,Drip,Cotton,3.25,4201,13.65
2022,Andhra Pradesh,Guntur,Sandy,7.31,39,51,78,27.6,514,58,Sprinkler,Groundnut,5.86,1856,10.88
2019,Andhra Pradesh,Warangal,Red,7.32,50,50,43,33.9,523,81,Canal,Sugarcane,3.57,4998,17.84
2016,Andhra Pradesh,Salem,Alluvial,6.67,117,72,89,26.7,557,79,Drip,Groundnut,4.82,4415,21.28
2022,Maharashtra,Karimnagar,Black,5.92,24,20,23,33.6,497,68,Drip,Rice,5.78,5598,32.36
2014,Tamil Nadu,Mysuru,Black,5.79,57,51,117,27.6,1112,81,Sprinkler,Cotton,4.41,1830,8.07
2023,Telangana,Karimnagar,Clay,6.64,57,34,72,23.7,445,43,Canal,Cotton,2.69,2271,6.11
2016,Karnataka,Mysuru,Sandy,7.03,63,71,102,35,1009,75,Canal,Millets,2.7,5301,14.31
2017,Karnataka,Salem,Sandy,6.62,66,38,100,26.3,1138,89,Rainfed,Groundnut,2.95,3736,11.02
2015,Telangana,Coimbatore,Black,5.59,51,55,72,21.3,639,60,Canal,Cotton,4.25,3037,12.91
2015,Karnataka,Mysuru,Sandy,5.87,118,39,42,30.6,945,76,Sprinkler,Sugarcane,1.84,4126,7.59
2016,Telangana,Guntur,Red,6.04,40,60,23,36.1,438,85,Drip,Sugarcane,2.82,5534,15.61
2016,Tamil Nadu,Mysuru,Red,7.69,72,25,26,37.8,787,92,Rainfed,Millets,1.66,4990,8.28
2014,Karnataka,Salem,Alluvial,6.19,99,24,65,23.1,290,68,Canal,Maize,4.72,5281,24.93
2019,Maharashtra,Anantapur,Sandy,5.61,110,10,28,28.2,1005,91,Drip,Rice,6.15,5268,32.4
2020,Telangana,Mysuru,Alluvial,7.51,92,26,67,39.8,1158,67,Canal,Rice,6.33,5004,31.68
2019,Karnataka,Warangal,Red,7.34,105,20,33,27.9,482,90,Canal,Rice,2.54,2188,5.56
2021,Andhra Pradesh,Karimnagar,Red,6.4,91,39,94,32.2,1126,48,Drip,Groundnut,3.04,2270,6.9
2014,Telangana,Karimnagar,Clay,7.36,62,71,45,38.7,549,47,Canal,Maize,3.69,5418,19.99
2017,Karnataka,Anantapur,Clay,7.88,90,38,88,33.6,556,87,Canal,Maize,5.66,1616,9.15
2016,Tamil Nadu,Guntur,Red,7.03,108,52,84,21.5,425,79,Canal,Sugarcane,1.53,2918,4.46
2015,Karnataka,Anantapur,Black,7.06,59,18,41,35.7,587,70,Drip,Sugarcane,5.52,3761,20.76
2022,Telangana,Guntur,Sandy,6.19,81,15,101,21.7,318,46,Rainfed,Maize,1.74,3577,6.22
2016,Telangana,Salem,Black,7.18,104,49,23,34.8,775,49,Canal,Maize,5.63,5455,30.71
2019,Tamil Nadu,Mysuru,Sandy,5.65,109,28,52,24.3,777,69,Drip,Cotton,2.18,2462,5.37
2022,Telangana,Warangal,Black,6.37,109,79,108,33.8,678,76,Sprinkler,Groundnut,2.15,5181,11.14
2023,Maharashtra,Coimbatore,Black,6.66,110,19,25,21.6,844,61,Canal,Maize,6.13,2049,12.56
2018,Andhra Pradesh,Guntur,Sandy,6.86,46,43,73,29.5,953,70,Sprinkler,Maize,1.51,5618,8.48
2020,Telangana,Warangal,Black,6.04,69,26,52,22.4,947,73,Canal,Groundnut,3.67,5398,19.81
2016,Telangana,Mysuru,Sandy,6.7,80,44,114,29.1,823,76,Sprinkler,Rice,4.44,4456,19.78
2016,Tamil Nadu,Anantapur,Alluvial,6.83,72,14,116,33.9,1103,58,Canal,Maize,2,3176,6.35
2016,Tamil Nadu,Krishna,Black,7.55,69,71,30,22.7,659,80,Sprinkler,Sugarcane,2.35,1789,4.2
2023,Telangana,Anantapur,Black,5.85,35,68,87,38.4,459,47,Sprinkler,Rice,5.26,5970,31.4
2021,Tamil Nadu,Anantapur,Alluvial,6.26,59,74,26,24.4,552,53,Sprinkler,Cotton,4.99,5956,29.72
2021,Tamil Nadu,Mysuru,Black,6.53,47,78,61,37.6,508,69,Canal,Sugarcane,5.93,5212,30.91
2023,Karnataka,Mysuru,Clay,7.65,70,66,49,30,578,41,Canal,Maize,4.69,4486,21.04
2020,Tamil Nadu,Coimbatore,Alluvial,8.09,32,18,106,35.5,362,58,Sprinkler,Maize,5.8,2732,15.85
2015,Karnataka,Karimnagar,Red,7.47,61,62,34,31.5,1142,41,Drip,Maize,5.56,4342,24.14
2018,Telangana,Coimbatore,Red,7.45,73,30,44,34.3,840,68,Rainfed,Sugarcane,4.84,1480,7.16
2016,Maharashtra,Karimnagar,Black,7.29,53,29,101,33,452,67,Sprinkler,Millets,4.82,1599,7.71
2018,Maharashtra,Anantapur,Alluvial,7.58,107,64,110,37.8,1003,49,Sprinkler,Sugarcane,4.14,5677,23.5
2020,Maharashtra,Guntur,Sandy,8.42,75,31,41,21,325,78,Sprinkler,Sugarcane,2.98,3502,10.44
2022,Maharashtra,Salem,Alluvial,6.31,33,12,108,20.5,784,88,Sprinkler,Groundnut,3.84,5401,20.74
2019,Andhra Pradesh,Mysuru,Clay,5.66,43,15,96,38.6,870,88,Sprinkler,Maize,4.93,2113,10.42
2018,Telangana,Krishna,Clay,7.16,85,76,26,21.1,485,70,Rainfed,Groundnut,4.73,5460,25.83
2015,Tamil Nadu,Guntur,Alluvial,6.15,85,43,87,37.7,936,72,Drip,Millets,4.61,3983,18.36
2019,Karnataka,Salem,Alluvial,7.62,31,14,48,32.2,1077,74,Sprinkler,Maize,1.89,4684,8.85
2016,Tamil Nadu,Krishna,Black,6.53,28,52,23,22.2,978,48,Canal,Groundnut,1.88,4866,9.15
2017,Andhra Pradesh,Coimbatore,Black,8.15,73,25,83,34.1,1001,52,Canal,Cotton,4.83,1964,9.49
2014,Tamil Nadu,Coimbatore,Clay,7.46,21,60,98,26,1188,94,Drip,Rice,3.99,1408,5.62
2015,Maharashtra,Anantapur,Sandy,5.93,58,29,51,25.4,371,71,Sprinkler,Groundnut,4.29,3065,13.15
2020,Karnataka,Anantapur,Sandy,6.26,27,60,38,35.3,240,74,Sprinkler,Millets,2.76,2018,5.57
2017,Tamil Nadu,Salem,Sandy,5.89,64,69,40,33.6,1165,42,Canal,Millets,3.95,4627,18.28
2016,Tamil Nadu,Krishna,Sandy,7.73,62,14,39,21.3,221,48,Rainfed,Sugarcane,5.45,4348,23.7
2019,Maharashtra,Guntur,Clay,6.22,56,15,30,29.7,1170,53,Sprinkler,Cotton,6.49,2203,14.3
2017,Andhra Pradesh,Warangal,Clay,5.86,86,16,105,35.2,1048,59,Canal,Groundnut,6.22,4090,25.44
2023,Tamil Nadu,Warangal,Red,7.34,72,10,92,23.1,977,84,Rainfed,Maize,4.94,4688,23.16
2018,Tamil Nadu,Guntur,Alluvial,6.96,30,43,109,33.9,922,95,Drip,Rice,5.49,1483,8.14
2015,Maharashtra,Mysuru,Black,6.35,37,54,81,36.6,1191,42,Rainfed,Groundnut,3.78,3250,12.29
2016,Maharashtra,Coimbatore,Alluvial,6.34,87,37,82,32.8,678,94,Drip,Cotton,3.92,2142,8.4
2018,Telangana,Krishna,Red,7.19,66,29,33,34.3,486,52,Drip,Maize,4.3,5425,23.33
2016,Tamil Nadu,Coimbatore,Red,8.49,84,51,47,39.4,1024,72,Drip,Cotton,2.67,5735,15.31
2023,Maharashtra,Salem,Sandy,6.87,26,19,79,35,1100,52,Drip,Maize,3.95,3726,14.72
2020,Maharashtra,Anantapur,Sandy,6.67,111,51,33,36.9,883,76,Rainfed,Maize,5.26,3661,19.26
2022,Telangana,Mysuru,Alluvial,5.89,71,57,48,21.2,204,88,Drip,Millets,2.97,4732,14.05
2022,Karnataka,Krishna,Sandy,6.35,86,14,38,20.3,1102,87,Rainfed,Rice,4.04,2294,9.27
2017,Maharashtra,Anantapur,Sandy,5.65,60,75,57,25.1,1198,95,Sprinkler,Cotton,3.56,3220,11.46
2019,Andhra Pradesh,Mysuru,Sandy,8.16,101,24,64,35.1,472,48,Sprinkler,Maize,1.64,3722,6.1
2014,Telangana,Guntur,Black,6.86,37,65,87,30.7,820,87,Rainfed,Rice,4.55,3343,15.21
2021,Karnataka,Krishna,Sandy,5.79,108,71,114,33,921,86,Sprinkler,Sugarcane,1.69,3416,5.77
2023,Andhra Pradesh,Salem,Alluvial,6.17,85,55,109,34.3,472,57,Canal,Rice,4,4031,16.12
2023,Karnataka,Krishna,Clay,7.92,36,71,93,27.9,714,53,Canal,Rice,1.97,2567,5.06
2020,Tamil Nadu,Coimbatore,Clay,6.37,107,37,33,26.8,776,50,Canal,Sugarcane,5,2898,14.49
2017,Andhra Pradesh,Guntur,Clay,6.28,39,57,22,22.9,1010,90,Drip,Cotton,1.99,5237,10.42
2018,Karnataka,Anantapur,Clay,5.79,72,44,27,28.1,819,75,Sprinkler,Cotton,2.84,5046,14.33
2018,Andhra Pradesh,Salem,Black,7.93,28,27,88,20.4,1166,66,Canal,Maize,6.29,3734,23.49
2016,Andhra Pradesh,Krishna,Red,6.82,79,31,52,27,764,67,Rainfed,Cotton,6.08,4489,27.29
2022,Tamil Nadu,Anantapur,Sandy,6.49,35,79,64,22.6,603,62,Sprinkler,Maize,2.36,1367,3.23
2016,Karnataka,Karimnagar,Alluvial,5.8,91,78,27,29.7,794,49,Sprinkler,Rice,1.79,3975,7.12
2016,Karnataka,Guntur,Black,8.13,84,55,22,38.8,1188,93,Canal,Sugarcane,3.07,2410,7.4
2019,Tamil Nadu,Anantapur,Alluvial,6.13,66,13,49,32.9,249,60,Drip,Groundnut,2.67,3758,10.03
2021,Andhra Pradesh,Karimnagar,Clay,5.78,115,26,104,38.4,1120,73,Sprinkler,Groundnut,6.39,5654,36.13
2023,Maharashtra,Guntur,Black,6.11,103,53,115,39.3,1057,63,Sprinkler,Sugarcane,1.9,1365,2.59
2021,Andhra Pradesh,Anantapur,Clay,7.23,95,42,49,23.3,1147,89,Drip,Millets,3.39,5720,19.39
2015,Telangana,Coimbatore,Sandy,6.16,45,48,112,38.7,673,63,Canal,Rice,3.63,2405,8.73
2022,Tamil Nadu,Karimnagar,Red,6.83,59,76,102,36.2,878,74,Sprinkler,Rice,2.98,3210,9.57
2023,Karnataka,Anantapur,Black,6.03,101,58,105,33.8,210,89,Drip,Rice,4.94,1385,6.84
2019,Karnataka,Karimnagar,Red,6.28,114,16,94,35.6,293,78,Drip,Sugarcane,2.01,4839,9.73
2018,Karnataka,Karimnagar,Clay,8.25,64,19,112,26.9,842,92,Sprinkler,Cotton,4.04,5595,22.6
2015,Maharashtra,Karimnagar,Red,7.88,34,11,20,35.6,396,77,Drip,Maize,6.15,3660,22.51
2018,Maharashtra,Guntur,Black,6.27,100,34,106,38.3,315,50,Sprinkler,Millets,3.45,4459,15.38
2015,Maharashtra,Warangal,Clay,6.02,119,22,54,25.1,633,54,Canal,Rice,1.67,4104,6.85
2022,Karnataka,Guntur,Black,8.24,112,22,93,24.6,340,91,Drip,Cotton,4.3,2260,9.72
2021,Andhra Pradesh,Coimbatore,Alluvial,6.13,35,35,66,32.3,1092,92,Sprinkler,Rice,4.05,4575,18.53
2019,Telangana,Krishna,Alluvial,7.62,50,68,70,24.9,644,52,Rainfed,Rice,2.69,4610,12.4
2021,Andhra Pradesh,Salem,Red,8.19,111,20,50,26.8,479,72,Sprinkler,Sugarcane,5.35,1537,8.22
2021,Andhra Pradesh,Anantapur,Red,7.69,51,15,94,37.7,390,87,Drip,Groundnut,3.21,4716,15.14
2015,Tamil Nadu,Guntur,Sandy,6.68,100,23,99,35.2,366,61,Drip,Sugarcane,3.48,1658,5.77
2015,Telangana,Mysuru,Clay,5.88,80,44,107,27.3,1093,71,Canal,Millets,6.11,3830,23.4
2014,Andhra Pradesh,Warangal,Alluvial,6.55,88,33,34,31.1,795,64,Canal,Groundnut,4.01,4129,16.56
2016,Maharashtra,Krishna,Red,6.86,83,37,71,35.8,1039,52,Sprinkler,Maize,3.17,3802,12.05
2016,Telangana,Mysuru,Alluvial,5.98,77,20,22,21,326,54,Drip,Groundnut,3.28,3740,12.27
2021,Karnataka,Coimbatore,Clay,5.64,53,42,56,39.2,1131,88,Drip,Sugarcane,3.82,2835,10.83
2015,Andhra Pradesh,Guntur,Sandy,8.43,92,20,47,23.7,804,87,Rainfed,Sugarcane,4.58,1653,7.57
2021,Andhra Pradesh,Salem,Sandy,5.51,93,62,34,35.9,763,76,Rainfed,Rice,2.35,1831,4.3
2019,Tamil Nadu,Anantapur,Sandy,7.64,32,17,32,26.9,699,61,Sprinkler,Millets,1.85,3243,6
2022,Andhra Pradesh,Coimbatore,Sandy,5.83,98,45,49,28.1,556,81,Canal,Groundnut,5.27,3364,17.73
2017,Tamil Nadu,Karimnagar,Black,7.15,77,26,33,21.1,396,70,Canal,Rice,5.89,4382,25.81
2017,Andhra Pradesh,Mysuru,Sandy,7.22,102,28,85,36.1,728,58,Sprinkler,Sugarcane,1.5,5144,7.72
2017,Andhra Pradesh,Karimnagar,Clay,5.65,45,40,99,21.1,305,50,Canal,Millets,2.24,5634,12.62
2023,Andhra Pradesh,Salem,Clay,7.97,119,20,69,21.4,1042,42,Sprinkler,Cotton,2.72,1974,5.37
2022,Telangana,Mysuru,Alluvial,5.89,50,23,120,32.6,641,59,Sprinkler,Maize,5.62,5361,30.13
2021,Andhra Pradesh,Krishna,Black,8.15,53,16,109,21.5,996,56,Rainfed,Maize,3.04,3639,11.06
2017,Karnataka,Guntur,Alluvial,6.76,117,62,20,39.1,566,70,Drip,Sugarcane,5.55,1609,8.93
2016,Telangana,Coimbatore,Black,8.46,104,10,115,20,1109,40,Rainfed,Millets,4.29,4395,18.85
2020,Maharashtra,Salem,Red,6.23,98,65,68,34,911,51,Sprinkler,Maize,4.69,5724,26.85
2018,Tamil Nadu,Salem,Clay,7.52,76,33,69,25.9,225,59,Sprinkler,Maize,6,5635,33.81
2016,Maharashtra,Karimnagar,Red,8.31,92,55,97,25,994,66,Drip,Millets,1.72,3647,6.27
2014,Telangana,Salem,Clay,5.79,51,43,84,35.4,1186,59,Canal,Millets,5.36,2087,11.19
2023,Andhra Pradesh,Coimbatore,Black,5.62,80,21,101,25.1,390,77,Drip,Groundnut,1.9,3262,6.2
2021,Maharashtra,Coimbatore,Alluvial,7.23,114,52,58,33.3,996,79,Drip,Cotton,5.39,3865,20.83
2021,Andhra Pradesh,Karimnagar,Black,6.39,103,35,73,24.8,807,72,Canal,Sugarcane,1.99,5437,10.82
2019,Karnataka,Anantapur,Red,7.94,57,29,91,30,498,84,Canal,Maize,5.29,4677,24.74
2022,Maharashtra,Mysuru,Red,7.89,24,58,27,32.1,1063,89,Drip,Millets,4.7,1556,7.31
2022,Telangana,Warangal,Red,8.07,53,44,109,28.7,882,45,Rainfed,Maize,3.39,5820,19.73
2014,Telangana,Guntur,Black,8.21,36,68,66,27.9,926,78,Rainfed,Rice,1.78,3287,5.85
2023,Tamil Nadu,Salem,Red,7.29,103,27,94,29.9,1068,50,Rainfed,Sugarcane,2.47,1749,4.32
2015,Telangana,Guntur,Clay,5.65,111,40,108,38.4,581,69,Drip,Millets,4.75,5492,26.09
2022,Andhra Pradesh,Anantapur,Black,7.96,102,31,74,39.1,625,57,Canal,Millets,3.27,3539,11.57
2015,Andhra Pradesh,Mysuru,Sandy,6.91,62,42,61,36.4,1149,72,Canal,Maize,4.18,1614,6.75
2023,Tamil Nadu,Warangal,Red,8.11,111,74,92,35.6,657,71,Rainfed,Maize,5.34,1743,9.31
2022,Maharashtra,Coimbatore,Alluvial,7.33,118,33,21,26.9,1104,55,Rainfed,Millets,6.22,2924,18.19
2015,Andhra Pradesh,Krishna,Alluvial,6.78,112,55,76,22.4,566,46,Sprinkler,Rice,5.11,2622,13.4
2020,Maharashtra,Krishna,Red,8.35,102,33,85,35.1,1200,69,Sprinkler,Millets,4.8,5720,27.46
2016,Andhra Pradesh,Krishna,Clay,7.43,40,78,66,29.7,599,61,Rainfed,Maize,3.17,2320,7.35
2021,Tamil Nadu,Anantapur,Red,7.91,109,19,66,39.2,612,90,Drip,Sugarcane,6.08,4418,26.86
2015,Karnataka,Karimnagar,Red,7.06,52,21,75,32.6,398,88,Sprinkler,Sugarcane,5.33,5765,30.73
2016,Tamil Nadu,Warangal,Clay,8.46,28,62,54,29.2,565,66,Drip,Groundnut,5.27,5773,30.42
2020,Andhra Pradesh,Mysuru,Sandy,7,71,17,20,36.4,712,83,Drip,Sugarcane,6.4,5142,32.91
2014,Tamil Nadu,Coimbatore,Alluvial,7.3,88,29,82,35.6,251,90,Drip,Groundnut,5.54,2547,14.11
2015,Andhra Pradesh,Karimnagar,Alluvial,5.6,21,10,89,29.2,510,82,Sprinkler,Millets,1.74,4597,8
2017,Tamil Nadu,Krishna,Alluvial,5.93,37,39,99,26.1,1050,68,Canal,Sugarcane,6.03,4818,29.05
2022,Tamil Nadu,Anantapur,Black,6.73,68,25,76,32.5,605,59,Rainfed,Groundnut,3.5,2887,10.1
2021,Telangana,Salem,Clay,8.32,42,48,118,30,348,49,Rainfed,Rice,2.39,1836,4.39
2017,Telangana,Coimbatore,Clay,8.16,21,52,20,29,768,85,Canal,Rice,2.58,3591,9.26
2023,Karnataka,Warangal,Alluvial,7.3,33,36,112,21.7,356,83,Drip,Maize,1.92,4209,8.08
2019,Maharashtra,Salem,Sandy,6.17,104,77,20,38.2,321,52,Sprinkler,Sugarcane,1.87,3770,7.05
2016,Karnataka,Krishna,Black,6.39,42,73,78,34,270,84,Rainfed,Groundnut,1.87,1599,2.99
2022,Andhra Pradesh,Guntur,Black,6.68,101,42,58,39.1,445,50,Sprinkler,Rice,2.41,4627,11.15
2014,Maharashtra,Salem,Red,7.19,118,74,58,29.3,943,89,Rainfed,Millets,5.34,3026,16.16
2019,Maharashtra,Salem,Red,8.27,113,53,33,32.3,531,41,Drip,Maize,5.59,5958,33.31
2020,Karnataka,Salem,Red,6.06,63,13,22,22.1,298,45,Canal,Sugarcane,5.02,4964,24.92
2021,Andhra Pradesh,Warangal,Sandy,5.55,114,70,102,32.2,940,63,Sprinkler,Millets,3.72,5629,20.94
2018,Telangana,Guntur,Black,7.71,31,29,95,27.7,433,83,Rainfed,Rice,3.49,5798,20.24
2019,Karnataka,Karimnagar,Black,7.46,44,74,41,31.7,1183,95,Rainfed,Sugarcane,5.92,5042,29.85
2021,Karnataka,Karimnagar,Alluvial,6.91,110,75,45,24.9,652,88,Drip,Millets,5.14,2402,12.35
2015,Tamil Nadu,Mysuru,Red,6.75,45,26,65,26.8,1112,85,Rainfed,Cotton,4.3,3289,14.14
2014,Karnataka,Guntur,Red,6.31,57,44,56,34.4,517,75,Canal,Sugarcane,2.83,4429,12.53
2023,Tamil Nadu,Salem,Alluvial,7.13,86,51,104,29.9,973,54,Drip,Cotton,4.71,3236,15.24
2015,Tamil Nadu,Krishna,Red,7.58,93,23,40,37.6,527,73,Drip,Groundnut,5.9,3405,20.09
2020,Karnataka,Coimbatore,Clay,8.43,90,19,77,35.6,699,48,Rainfed,Millets,5.29,5744,30.39
2018,Maharashtra,Krishna,Sandy,6.71,70,70,60,37.2,546,80,Drip,Sugarcane,3.97,2460,9.77
2021,Telangana,Coimbatore,Clay,5.67,23,64,63,36.8,1042,63,Sprinkler,Cotton,4.43,1545,6.84
2017,Maharashtra,Salem,Sandy,6.24,35,65,89,22.6,350,92,Sprinkler,Maize,6.27,4173,26.16
2022,Andhra Pradesh,Krishna,Red,7.07,59,67,22,27.8,785,48,Sprinkler,Groundnut,3.42,3372,11.53
2022,Maharashtra,Salem,Clay,7.64,103,40,65,29.2,1191,47,Drip,Cotton,6.48,1978,12.82
2017,Andhra Pradesh,Karimnagar,Clay,8.26,105,33,57,34.1,730,92,Rainfed,Sugarcane,2.99,3278,9.8
2023,Maharashtra,Warangal,Red,7.88,64,19,36,33.6,750,50,Sprinkler,Sugarcane,5.74,4784,27.46
2020,Tamil Nadu,Salem,Red,8.49,72,64,60,39.2,1068,95,Drip,Groundnut,2.08,3846,8
2018,Karnataka,Krishna,Alluvial,8.23,79,33,119,34.8,273,70,Sprinkler,Groundnut,3.6,4197,15.11
2014,Maharashtra,Anantapur,Sandy,8.38,23,13,90,38.9,1162,44,Canal,Cotton,5.63,5494,30.93
2019,Karnataka,Salem,Alluvial,7.86,53,42,52,29.9,867,55,Sprinkler,Maize,5.19,4770,24.76
2015,Telangana,Anantapur,Alluvial,6.35,62,52,59,25.5,972,44,Drip,Rice,5.82,4289,24.96
2017,Andhra Pradesh,Anantapur,Red,6.34,91,26,88,26.5,348,77,Rainfed,Millets,5.64,5338,30.11
2023,Tamil Nadu,Salem,Black,5.96,39,69,86,23.3,915,72,Canal,Millets,4.72,5259,24.82
2016,Andhra Pradesh,Mysuru,Red,7.92,34,51,50,28.8,871,46,Rainfed,Sugarcane,2.33,1402,3.27
2020,Telangana,Mysuru,Clay,7.01,41,26,27,37.4,1143,86,Rainfed,Millets,2.95,5095,15.03
2016,Tamil Nadu,Karimnagar,Black,7.41,44,58,31,38.2,721,76,Sprinkler,Groundnut,1.72,2615,4.5
2019,Maharashtra,Anantapur,Black,7.53,63,68,78,35.1,544,44,Rainfed,Groundnut,2.37,2993,7.09
2023,Telangana,Anantapur,Black,7.13,114,37,48,34.4,453,83,Rainfed,Maize,3.6,5427,19.54
2020,Tamil Nadu,Anantapur,Clay,6.52,70,17,94,31.1,613,95,Sprinkler,Groundnut,5.98,1426,8.53
2020,Karnataka,Coimbatore,Red,6.47,118,14,108,24,931,78,Drip,Rice,2.06,1651,3.4
2023,Andhra Pradesh,Warangal,Clay,6.21,51,52,89,39.3,304,44,Sprinkler,Rice,3.29,2354,7.74
2016,Maharashtra,Anantapur,Alluvial,8.19,49,79,89,28.7,634,52,Rainfed,Millets,2.1,5070,10.65
2021,Karnataka,Krishna,Alluvial,6.18,102,34,101,21.7,497,58,Sprinkler,Groundnut,3.77,2906,10.96
2020,Andhra Pradesh,Guntur,Red,7.13,118,26,87,25.9,559,72,Drip,Cotton,3.66,4938,18.07
2018,Tamil Nadu,Mysuru,Sandy,6.3,34,37,93,24.1,735,90,Rainfed,Rice,3,3250,9.75
2015,Telangana,Warangal,Alluvial,7.62,97,13,110,28.9,601,70,Rainfed,Groundnut,3.15,2265,7.13
2016,Karnataka,Salem,Clay,7.91,87,28,48,23.2,1187,73,Canal,Cotton,2.21,5080,11.23
2017,Tamil Nadu,Warangal,Alluvial,6.51,74,37,82,29.5,1143,81,Sprinkler,Sugarcane,2.59,3483,9.02
2014,Maharashtra,Coimbatore,Alluvial,7.8,113,21,97,30.9,424,41,Sprinkler,Cotton,2.95,1790,5.28
2017,Maharashtra,Karimnagar,Sandy,8.37,112,60,30,38.2,586,44,Drip,Cotton,2.23,3371,7.52
2019,Karnataka,Coimbatore,Alluvial,5.96,26,25,82,21.5,1111,95,Sprinkler,Cotton,3.48,4785,16.65
2017,Karnataka,Karimnagar,Black,6.59,52,48,26,36.6,701,68,Sprinkler,Cotton,6.27,1262,7.91
2018,Andhra Pradesh,Salem,Red,7.25,65,23,38,26.5,1123,88,Canal,Groundnut,6.39,2983,19.06
2023,Tamil Nadu,Mysuru,Alluvial,7.11,112,58,80,22.5,507,91,Rainfed,Cotton,3.33,4432,14.76
2016,Maharashtra,Warangal,Clay,5.76,82,47,89,37.8,885,72,Sprinkler,Groundnut,4.8,5657,27.15
2018,Andhra Pradesh,Karimnagar,Clay,6.46,32,65,115,29.5,1153,53,Rainfed,Maize,5.32,3590,19.1
2014,Karnataka,Karimnagar,Black,6.1,98,24,23,31.5,837,69,Sprinkler,Millets,5.12,5034,25.77
2020,Tamil Nadu,Karimnagar,Clay,7.94,106,53,102,36.5,355,59,Rainfed,Cotton,1.55,3824,5.93
2015,Maharashtra,Krishna,Red,5.96,65,33,76,25.8,718,93,Sprinkler,Cotton,2.04,4257,8.68
2015,Maharashtra,Krishna,Red,8.48,21,49,98,29.8,876,40,Sprinkler,Rice,5.17,2840,14.68
2016,Andhra Pradesh,Karimnagar,Black,5.51,42,79,76,21.5,555,40,Rainfed,Maize,5.86,4452,26.09
2014,Telangana,Warangal,Clay,6.12,84,72,105,27.4,742,48,Canal,Cotton,5.93,3315,19.66
2018,Maharashtra,Coimbatore,Clay,5.82,26,73,99,36.1,658,60,Canal,Sugarcane,4.34,3604,15.64
2023,Telangana,Karimnagar,Sandy,6.52,31,29,46,39.4,473,63,Rainfed,Groundnut,5.66,1287,7.28
2020,Karnataka,Salem,Alluvial,6.07,101,16,20,37.5,288,67,Drip,Cotton,3.19,4826,15.39
2019,Tamil Nadu,Guntur,Red,5.98,93,69,40,36.7,555,92,Canal,Maize,3.34,1370,4.58
2022,Andhra Pradesh,Warangal,Alluvial,6.62,86,31,65,22.4,271,67,Sprinkler,Cotton,4.05,2588,10.48
2023,Maharashtra,Coimbatore,Sandy,7.34,100,80,29,29.7,693,50,Canal,Rice,4.51,1791,8.08
2022,Telangana,Mysuru,Sandy,7.19,103,32,62,32.3,338,52,Drip,Millets,2.87,5681,16.3
2015,Maharashtra,Anantapur,Alluvial,8.15,35,56,70,30.5,876,57,Canal,Rice,1.7,2030,3.45
2017,Maharashtra,Guntur,Clay,8.13,116,13,27,38.4,999,41,Drip,Cotton,6.26,2542,15.91
2019,Andhra Pradesh,Mysuru,Sandy,5.74,84,57,90,28.7,1081,78,Canal,Maize,2.53,3902,9.87
2019,Karnataka,Guntur,Clay,7.31,103,80,66,35,482,59,Rainfed,Millets,4.31,3174,13.68
2023,Telangana,Anantapur,Black,6.72,94,17,112,26.9,503,93,Sprinkler,Sugarcane,1.6,1951,3.12
2020,Maharashtra,Coimbatore,Sandy,6.55,40,79,86,28.9,753,65,Rainfed,Rice,4.56,2339,10.67
2021,Karnataka,Karimnagar,Clay,5.57,95,55,79,25.6,743,84,Drip,Groundnut,3.62,4850,17.56
2015,Karnataka,Krishna,Sandy,5.61,88,56,117,22.8,1138,66,Rainfed,Groundnut,1.96,5332,10.45
2022,Maharashtra,Krishna,Black,7.36,112,22,81,31.3,1105,90,Rainfed,Rice,5.22,3287,17.16
2015,Andhra Pradesh,Warangal,Black,6.38,31,79,89,25.1,1032,71,Canal,Cotton,3.23,4512,14.57
2022,Andhra Pradesh,Anantapur,Alluvial,6.01,107,77,68,36.3,1139,48,Drip,Sugarcane,5.85,3243,18.97
2020,Telangana,Warangal,Alluvial,8.08,73,30,96,38.3,804,50,Rainfed,Groundnut,2.27,1579,3.58
2014,Telangana,Karimnagar,Sandy,5.5,84,79,40,39.3,720,41,Drip,Millets,6.18,2843,17.57
2015,Tamil Nadu,Karimnagar,Alluvial,8.21,119,60,29,21.5,680,81,Sprinkler,Sugarcane,4.5,2456,11.05
2018,Telangana,Anantapur,Sandy,7.01,64,59,119,32.6,904,85,Sprinkler,Maize,4.22,5547,23.41
2018,Andhra Pradesh,Krishna,Black,7.26,59,14,83,27.1,935,59,Sprinkler,Sugarcane,2.4,3909,9.38
2019,Tamil Nadu,Warangal,Sandy,8.36,94,78,77,21.2,910,55,Rainfed,Millets,3.54,3148,11.14
2019,Maharashtra,Krishna,Clay,6.04,61,51,37,37.4,913,56,Sprinkler,Millets,2.93,4525,13.26
2015,Tamil Nadu,Guntur,Black,6.25,45,21,113,32.4,850,55,Drip,Millets,2.07,1734,3.59
2020,Telangana,Mysuru,Sandy,6.22,32,44,68,26.9,393,43,Canal,Groundnut,3.79,5911,22.4
2016,Andhra Pradesh,Mysuru,Alluvial,5.83,73,31,35,32.4,936,91,Sprinkler,Cotton,5.88,2771,16.29
2015,Maharashtra,Salem,Alluvial,7.67,107,11,106,28.5,223,76,Drip,Millets,5.13,5953,30.54
2020,Andhra Pradesh,Warangal,Black,8.4,71,70,76,24.5,333,86,Rainfed,Sugarcane,2.78,4165,11.58
2019,Tamil Nadu,Anantapur,Alluvial,8.08,45,70,61,28,1178,58,Sprinkler,Cotton,1.81,3543,6.41
2014,Andhra Pradesh,Krishna,Sandy,6.09,96,25,66,33.7,1167,94,Rainfed,Sugarcane,2.64,4328,11.43
2018,Andhra Pradesh,Anantapur,Alluvial,5.78,104,65,90,33,568,46,Rainfed,Maize,4.71,5988,28.2
2018,Andhra Pradesh,Coimbatore,Black,5.51,26,43,58,30,469,82,Canal,Maize,6.49,3702,24.03
2018,Telangana,Anantapur,Alluvial,7.14,78,74,76,39.1,1021,83,Sprinkler,Groundnut,5.63,4076,22.95
2023,Telangana,Salem,Red,8.23,40,72,55,35,428,72,Rainfed,Maize,1.5,4712,7.07
2017,Andhra Pradesh,Mysuru,Clay,5.96,31,31,104,22.4,660,72,Sprinkler,Maize,4.75,3817,18.13
2023,Maharashtra,Karimnagar,Black,5.89,55,23,22,24.9,888,88,Rainfed,Rice,1.91,1916,3.66
2017,Tamil Nadu,Coimbatore,Red,6.85,27,43,58,25.8,331,40,Canal,Rice,5.87,3741,21.96
2014,Andhra Pradesh,Coimbatore,Alluvial,5.69,98,59,42,30.3,1137,91,Canal,Millets,5.98,3490,20.87
2014,Andhra Pradesh,Karimnagar,Black,6.33,95,42,119,20.8,657,87,Rainfed,Cotton,4.77,4622,22.05
2022,Telangana,Coimbatore,Alluvial,8.5,60,59,114,22.1,832,82,Drip,Sugarcane,1.74,5975,10.4
2023,Karnataka,Guntur,Alluvial,6.56,72,71,98,29.9,388,48,Sprinkler,Sugarcane,2.79,2393,6.68
2015,Tamil Nadu,Mysuru,Red,5.7,66,75,58,24.9,458,70,Rainfed,Cotton,5.35,5817,31.12
2020,Telangana,Salem,Clay,6.58,112,23,39,36.2,1099,91,Sprinkler,Cotton,2.71,2358,6.39
2017,Tamil Nadu,Warangal,Black,6.24,41,19,116,23,922,69,Sprinkler,Rice,2.96,1769,5.24
2020,Maharashtra,Mysuru,Black,7.69,68,61,26,21,978,91,Canal,Cotton,1.7,5202,8.84
2018,Maharashtra,Krishna,Black,7.19,32,70,75,29.3,1088,57,Rainfed,Cotton,2.21,3087,6.82
2016,Andhra Pradesh,Coimbatore,Alluvial,6.8,42,61,21,28,369,48,Canal,Maize,5.93,2240,13.28
2018,Maharashtra,Anantapur,Red,7.37,35,78,27,29.1,265,46,Canal,Rice,5.38,2148,11.56
2019,Maharashtra,Guntur,Sandy,6.03,101,29,23,23.2,1162,85,Canal,Millets,3.38,5354,18.1
2016,Andhra Pradesh,Anantapur,Red,7.73,70,68,50,36.2,879,86,Canal,Maize,2.02,5023,10.15
2015,Telangana,Karimnagar,Red,5.55,110,36,53,31.5,535,95,Sprinkler,Sugarcane,5.22,3815,19.91
2019,Tamil Nadu,Warangal,Sandy,7.49,73,54,20,34.8,1173,92,Canal,Groundnut,4.55,5077,23.1
2017,Andhra Pradesh,Mysuru,Sandy,6.12,112,21,120,24.4,372,84,Rainfed,Maize,4.71,1658,7.81
2014,Maharashtra,Salem,Black,5.68,64,66,99,27,299,52,Canal,Millets,4.74,5799,27.49
2023,Karnataka,Warangal,Sandy,5.69,37,66,84,36.5,1165,77,Sprinkler,Sugarcane,2.76,2639,7.28
2019,Telangana,Mysuru,Red,6.91,52,72,44,23.9,457,84,Rainfed,Groundnut,5.72,5856,33.5
2014,Maharashtra,Warangal,Black,6.73,22,62,69,34.6,462,49,Rainfed,Rice,3.38,5251,17.75
2020,Karnataka,Warangal,Clay,5.94,62,33,29,30.5,741,52,Drip,Rice,4.07,2527,10.28
2014,Telangana,Karimnagar,Black,5.61,95,25,102,35.1,522,78,Sprinkler,Millets,2.19,3449,7.55
2015,Telangana,Guntur,Clay,6.37,110,11,43,31,353,52,Canal,Rice,5.31,2703,14.35
2018,Maharashtra,Warangal,Red,7.97,66,24,68,36.9,1027,77,Sprinkler,Sugarcane,4.69,3391,15.9
2019,Maharashtra,Warangal,Black,8.11,85,39,39,20.6,980,70,Drip,Cotton,4.68,2694,12.61
2022,Tamil Nadu,Guntur,Alluvial,6.46,49,54,90,22,688,55,Canal,Sugarcane,5.97,3848,22.97
2015,Telangana,Coimbatore,Sandy,5.65,37,48,83,38,738,64,Drip,Millets,5.08,1500,7.62
2021,Maharashtra,Warangal,Red,8.31,60,29,106,37.9,920,49,Sprinkler,Groundnut,2.07,2591,5.36
2017,Maharashtra,Coimbatore,Red,8.46,57,12,100,33.4,1037,78,Sprinkler,Sugarcane,5.79,5369,31.09
2017,Maharashtra,Guntur,Clay,8,115,24,89,32.2,359,73,Canal,Rice,2.92,4124,12.04
2015,Andhra Pradesh,Karimnagar,Black,5.53,58,19,33,36.9,445,90,Canal,Cotton,6.36,3881,24.68
2015,Karnataka,Karimnagar,Red,7.46,80,18,112,28.9,336,71,Sprinkler,Rice,3.02,3477,10.5
2014,Andhra Pradesh,Salem,Red,8.45,41,58,53,27.4,873,63,Canal,Sugarcane,4.98,3220,16.04
2014,Karnataka,Salem,Clay,5.63,109,32,45,34.8,513,40,Canal,Rice,6.47,2661,17.22
2023,Tamil Nadu,Anantapur,Alluvial,5.66,102,54,80,27.3,267,80,Drip,Rice,1.58,1975,3.12
2023,Telangana,Mysuru,Clay,6.24,55,10,42,34.7,778,79,Sprinkler,Cotton,5.37,5255,28.22
2017,Telangana,Anantapur,Alluvial,7.93,83,15,105,26.4,959,46,Canal,Cotton,5.16,5012,25.86
2015,Maharashtra,Coimbatore,Clay,5.74,92,22,120,32.8,478,68,Rainfed,Millets,5.59,5457,30.5
2016,Karnataka,Salem,Black,8.47,42,54,80,34.7,514,77,Sprinkler,Cotton,4.77,4343,20.72
2022,Karnataka,Warangal,Red,6.21,97,31,35,21.5,364,65,Canal,Groundnut,4.8,4822,23.15
2018,Andhra Pradesh,Karimnagar,Sandy,6.89,83,45,46,31.2,226,94,Rainfed,Groundnut,5.45,2293,12.5
2017,Telangana,Karimnagar,Alluvial,8.17,37,68,116,36,463,72,Rainfed,Maize,5.09,4105,20.89
2014,Karnataka,Salem,Clay,6.47,21,37,26,29,569,70,Sprinkler,Millets,5.64,1971,11.12
2015,Andhra Pradesh,Karimnagar,Sandy,6.78,100,74,56,38.9,1109,70,Sprinkler,Groundnut,4.98,4538,22.6
2021,Andhra Pradesh,Karimnagar,Red,6.73,61,43,86,36.2,1017,62,Drip,Cotton,3.09,1630,5.04
2022,Maharashtra,Salem,Clay,5.99,79,10,92,24.1,743,88,Canal,Groundnut,4.61,4720,21.76
2014,Andhra Pradesh,Mysuru,Black,6.23,110,55,102,28.6,369,89,Drip,Maize,2.94,1412,4.15
2018,Andhra Pradesh,Warangal,Red,8.16,49,17,40,34,832,52,Drip,Maize,3.53,1581,5.58
2020,Maharashtra,Coimbatore,Sandy,6.41,98,33,67,23,759,74,Rainfed,Cotton,3.24,2946,9.55
2020,Telangana,Coimbatore,Alluvial,6.57,73,76,118,34.3,465,66,Drip,Rice,1.81,5391,9.76
2017,Telangana,Salem,Red,7.72,79,37,82,31.1,541,78,Drip,Millets,5.2,5769,30
2023,Karnataka,Warangal,Red,7.68,71,27,91,39.2,743,50,Rainfed,Groundnut,4.5,3738,16.82
2020,Maharashtra,Karimnagar,Red,5.67,52,33,74,36.2,374,90,Canal,Maize,1.66,2253,3.74
2022,Tamil Nadu,Karimnagar,Sandy,7.32,108,74,84,20.3,610,66,Sprinkler,Rice,6.21,4254,26.42
2020,Tamil Nadu,Guntur,Black,6.71,63,72,69,35.3,453,49,Drip,Maize,6.06,2895,17.54
2023,Andhra Pradesh,Warangal,Red,8.45,73,52,95,23.7,839,47,Canal,Millets,6.32,4045,25.56
2023,Karnataka,Krishna,Alluvial,5.99,49,76,77,27.7,296,73,Canal,Sugarcane,4.54,5558,25.23
2020,Tamil Nadu,Krishna,Alluvial,5.86,79,29,28,26.6,313,60,Drip,Cotton,1.63,5080,8.28
2023,Andhra Pradesh,Coimbatore,Clay,6.41,43,48,94,21.5,654,89,Rainfed,Sugarcane,2.34,2095,4.9
2018,Karnataka,Anantapur,Black,7.56,60,61,81,22.1,777,63,Canal,Groundnut,1.68,2190,3.68
2018,Andhra Pradesh,Warangal,Alluvial,5.99,110,18,50,31.7,666,83,Canal,Cotton,2.67,2417,6.45
2023,Karnataka,Salem,Alluvial,6.6,73,74,60,39,967,60,Canal,Cotton,1.95,4416,8.61
2017,Andhra Pradesh,Mysuru,Clay,6.97,37,10,77,28.5,1148,42,Canal,Rice,5.05,1448,7.31
2020,Maharashtra,Karimnagar,Sandy,5.82,70,45,117,23.8,947,85,Drip,Cotton,5.96,4043,24.1
2019,Karnataka,Mysuru,Alluvial,5.54,93,50,79,29.2,934,95,Sprinkler,Cotton,3.27,5695,18.62
2014,Telangana,Mysuru,Black,8.45,23,69,51,28.1,1059,80,Canal,Sugarcane,4.08,3895,15.89
2017,Telangana,Coimbatore,Black,5.94,87,37,108,25.5,474,62,Sprinkler,Rice,6.39,1863,11.9
2015,Maharashtra,Guntur,Sandy,6.96,37,15,101,35.9,612,54,Drip,Rice,6.33,3434,21.74
2018,Telangana,Mysuru,Clay,8.15,95,78,116,21.6,427,46,Rainfed,Millets,5.33,3658,19.5
2018,Karnataka,Coimbatore,Clay,7.04,31,19,89,21.9,740,49,Rainfed,Maize,2.01,3186,6.4
2016,Karnataka,Guntur,Black,8.47,103,61,70,36.5,1095,63,Drip,Sugarcane,5.55,1948,10.81
2020,Karnataka,Salem,Red,6.51,20,10,24,37,551,54,Sprinkler,Maize,5.83,1473,8.59
2022,Karnataka,Salem,Black,7.35,65,41,46,28.8,1009,64,Rainfed,Maize,5.68,2565,14.57
2019,Karnataka,Anantapur,Sandy,8.26,66,52,91,20.5,504,76,Rainfed,Groundnut,2.91,2015,5.86
2014,Maharashtra,Salem,Red,8.27,96,20,38,38.1,1088,82,Drip,Maize,4.96,4190,20.78
2022,Andhra Pradesh,Mysuru,Red,6.93,39,79,109,35.6,548,57,Sprinkler,Cotton,5.71,1983,11.32
2023,Tamil Nadu,Anantapur,Red,5.71,81,24,67,27.3,683,46,Drip,Sugarcane,4.95,2955,14.63
2019,Maharashtra,Warangal,Alluvial,8.36,114,27,40,38.3,971,91,Drip,Rice,2.28,5263,12
2016,Tamil Nadu,Karimnagar,Clay,5.68,54,39,117,22.7,518,59,Rainfed,Maize,2.35,2155,5.06
2017,Tamil Nadu,Salem,Sandy,6.14,24,16,49,25,414,42,Canal,Cotton,6.48,4446,28.81
2016,Tamil Nadu,Guntur,Red,5.71,75,75,56,26.3,447,77,Rainfed,Rice,5.9,5104,30.11
2023,Karnataka,Mysuru,Red,5.65,77,68,80,30.2,851,94,Sprinkler,Millets,2,5938,11.88
2018,Maharashtra,Karimnagar,Sandy,5.96,30,44,81,21.4,546,43,Rainfed,Sugarcane,4.93,4228,20.84
2020,Karnataka,Karimnagar,Black,7.17,112,61,78,36.3,546,54,Canal,Sugarcane,4.36,2256,9.84
2018,Tamil Nadu,Mysuru,Alluvial,8.4,26,59,102,32,1133,67,Sprinkler,Groundnut,5.6,1485,8.32
2023,Telangana,Krishna,Red,6.1,79,39,62,27,220,45,Canal,Maize,4.03,3302,13.31
2019,Karnataka,Karimnagar,Black,6.52,119,52,32,23.8,223,66,Rainfed,Maize,4.2,4126,17.33
2018,Maharashtra,Coimbatore,Clay,8,53,48,59,37.7,504,85,Rainfed,Sugarcane,4.53,3540,16.04
2023,Karnataka,Mysuru,Black,6.11,29,38,40,37.1,1124,60,Drip,Sugarcane,5.1,2482,12.66
2016,Maharashtra,Salem,Clay,7.17,108,23,74,31.8,1033,83,Canal,Groundnut,6.4,2402,15.37
2022,Andhra Pradesh,Coimbatore,Black,6.98,119,32,62,30.3,698,40,Drip,Cotton,2.27,2844,6.46
2018,Karnataka,Krishna,Black,6.1,82,24,44,35.5,848,80,Sprinkler,Groundnut,3.49,3420,11.94
2018,Andhra Pradesh,Mysuru,Black,5.92,65,74,52,26.3,888,77,Sprinkler,Groundnut,5.8,3672,21.3
2014,Andhra Pradesh,Anantapur,Clay,5.58,67,42,101,35.8,769,85,Rainfed,Maize,5.05,1534,7.75
2018,Tamil Nadu,Mysuru,Alluvial,5.64,73,27,113,20.3,550,48,Rainfed,Millets,3.42,4113,14.07
2023,Tamil Nadu,Coimbatore,Sandy,7.17,45,45,100,30.5,540,93,Sprinkler,Sugarcane,1.99,5168,10.28
2015,Andhra Pradesh,Krishna,Black,7.73,95,74,59,22.7,997,47,Rainfed,Groundnut,3.76,1534,5.77
2017,Maharashtra,Warangal,Clay,6.65,67,12,74,37.6,219,41,Drip,Sugarcane,3.74,2290,8.56
2021,Maharashtra,Guntur,Alluvial,7.91,34,10,29,22,1054,58,Drip,Millets,5.1,4800,24.48
2015,Telangana,Anantapur,Clay,7.03,26,67,116,25.9,401,73,Canal,Millets,3.19,4720,15.06
2023,Andhra Pradesh,Krishna,Alluvial,7.04,97,59,59,30.8,1049,67,Drip,Cotton,2.62,4421,11.58
2022,Tamil Nadu,Anantapur,Red,5.8,25,65,38,36.6,387,86,Canal,Rice,6.2,1253,7.77
2014,Maharashtra,Warangal,Sandy,6.47,33,48,40,26.2,378,67,Sprinkler,Sugarcane,2.57,4075,10.47
2020,Andhra Pradesh,Krishna,Sandy,6.29,94,12,47,37,576,70,Sprinkler,Millets,3.74,3818,14.28
2019,Maharashtra,Salem,Red,6.47,27,69,38,30.1,1094,50,Sprinkler,Groundnut,1.66,4569,7.58
2020,Andhra Pradesh,Karimnagar,Clay,8.09,105,80,77,23.1,614,62,Sprinkler,Groundnut,3.72,4181,15.55
2016,Telangana,Karimnagar,Red,6.45,40,59,102,33.1,384,53,Canal,Millets,2.52,2861,7.21
2015,Andhra Pradesh,Guntur,Clay,8.34,42,32,67,37.7,265,81,Rainfed,Groundnut,1.82,2740,4.99
2015,Maharashtra,Guntur,Sandy,6,61,30,86,25.6,676,92,Rainfed,Groundnut,4.38,2284,10
2022,Andhra Pradesh,Coimbatore,Sandy,7.12,43,77,99,23.4,659,83,Canal,Groundnut,2.79,3008,8.39
2021,Telangana,Anantapur,Sandy,5.65,64,29,51,33.3,718,86,Drip,Groundnut,4.03,4847,19.53
2014,Telangana,Mysuru,Alluvial,6.13,73,43,85,20.2,1182,43,Rainfed,Rice,4.76,2315,11.02
2017,Tamil Nadu,Coimbatore,Black,7.34,71,54,66,37.9,279,43,Rainfed,Millets,2.59,2673,6.92
2023,Telangana,Coimbatore,Sandy,6.96,49,67,38,28.8,321,68,Drip,Groundnut,2.83,2433,6.89
2015,Maharashtra,Coimbatore,Alluvial,6.45,104,29,37,33.9,276,78,Rainfed,Maize,4.99,4534,22.62
2023,Karnataka,Krishna,Black,7.58,53,35,33,22.7,411,52,Canal,Cotton,4.26,3521,15
2022,Andhra Pradesh,Warangal,Black,7.29,104,11,68,21.8,648,41,Drip,Groundnut,5.6,1393,7.8
2016,Karnataka,Anantapur,Red,6.47,30,79,49,29.6,995,55,Drip,Millets,4.42,3764,16.64
2022,Tamil Nadu,Mysuru,Sandy,7.85,22,31,47,24.2,862,90,Drip,Rice,2.99,3792,11.34
2017,Maharashtra,Mysuru,Red,7.32,45,68,50,26.6,498,67,Sprinkler,Cotton,2.42,5530,13.38
2021,Maharashtra,Guntur,Sandy,8.25,24,57,41,32.5,599,79,Canal,Groundnut,3.12,3574,11.15
2021,Karnataka,Guntur,Clay,7.35,63,70,53,28.7,885,85,Rainfed,Maize,5.2,5696,29.62
2023,Andhra Pradesh,Coimbatore,Sandy,7.17,117,26,69,39.9,801,75,Drip,Groundnut,6.33,2831,17.92
2022,Tamil Nadu,Karimnagar,Clay,6.81,46,60,56,21,277,45,Canal,Sugarcane,1.65,2833,4.67
2020,Telangana,Salem,Sandy,8.38,38,54,66,36.7,949,76,Drip,Rice,5,3523,17.61
2020,Telangana,Krishna,Red,7,29,51,97,23,914,85,Sprinkler,Groundnut,3.14,5000,15.7
2021,Telangana,Anantapur,Red,6.31,82,27,33,31.3,1162,56,Drip,Cotton,2.78,2516,6.99
2016,Andhra Pradesh,Karimnagar,Red,7.43,65,11,75,25.4,1045,61,Drip,Maize,1.86,4513,8.39
2022,Maharashtra,Salem,Black,6.47,50,33,37,31.1,958,64,Canal,Sugarcane,3.05,3561,10.86
2021,Karnataka,Krishna,Sandy,6.56,63,55,82,28.6,1082,51,Rainfed,Sugarcane,5.23,2193,11.47
2022,Karnataka,Karimnagar,Red,6.44,99,49,98,36.3,863,53,Rainfed,Cotton,3.34,1960,6.55
2019,Tamil Nadu,Warangal,Alluvial,6.89,20,23,44,31.3,502,89,Rainfed,Rice,1.74,1602,2.79
2022,Maharashtra,Coimbatore,Sandy,6.56,100,79,101,34.2,437,62,Sprinkler,Millets,5.61,4692,26.32
2014,Tamil Nadu,Krishna,Red,7.71,36,17,59,35.9,375,85,Sprinkler,Sugarcane,6.41,4193,26.88
2020,Maharashtra,Mysuru,Clay,7.95,75,35,42,20.4,1090,71,Drip,Millets,3.99,2037,8.13
2018,Maharashtra,Mysuru,Black,6.67,74,67,83,28.2,345,78,Canal,Maize,2.96,4471,13.23
2018,Telangana,Coimbatore,Clay,8.42,27,57,46,20.7,1000,77,Drip,Millets,2.67,2418,6.46
2022,Maharashtra,Warangal,Black,6.29,118,38,116,31.9,546,91,Canal,Groundnut,2.62,1605,4.21
2022,Andhra Pradesh,Karimnagar,Sandy,6.34,118,30,50,26.9,245,42,Sprinkler,Groundnut,2.45,2472,6.06
2015,Karnataka,Salem,Red,7.98,68,11,104,34.5,428,65,Drip,Cotton,5,5561,27.8
2016,Andhra Pradesh,Guntur,Alluvial,8.33,90,50,58,29.1,504,65,Canal,Millets,3.85,3776,14.54
2016,Andhra Pradesh,Mysuru,Sandy,7.01,54,34,105,32.4,303,84,Drip,Groundnut,2,4950,9.9
2018,Telangana,Coimbatore,Black,6.18,87,52,99,30.2,340,93,Drip,Cotton,6.18,4955,30.62
2021,Karnataka,Karimnagar,Black,6.57,52,11,86,29.1,825,88,Sprinkler,Millets,5,5540,27.7
2017,Andhra Pradesh,Coimbatore,Sandy,8.3,116,54,116,25.1,1126,60,Sprinkler,Cotton,5.9,3120,18.41
2015,Karnataka,Karimnagar,Alluvial,8.32,90,18,21,37.2,552,54,Sprinkler,Rice,4.35,1718,7.47
2022,Tamil Nadu,Mysuru,Red,7.53,47,72,23,31.1,1134,79,Sprinkler,Millets,5.69,4999,28.44
2019,Maharashtra,Salem,Clay,5.8,45,48,22,32.7,322,81,Rainfed,Cotton,4.08,2055,8.38
2020,Maharashtra,Salem,Black,5.62,35,57,37,38.6,906,90,Sprinkler,Millets,2.41,4992,12.03
2015,Karnataka,Guntur,Clay,6.08,28,44,114,34.3,631,41,Rainfed,Rice,3.71,4827,17.91
2023,Maharashtra,Karimnagar,Clay,5.84,108,21,92,29.3,599,55,Canal,Cotton,1.6,4812,7.7
2014,Maharashtra,Salem,Red,5.95,54,77,52,36.6,237,76,Drip,Groundnut,3.93,4562,17.93
2023,Telangana,Mysuru,Red,6.08,32,51,117,20.2,762,82,Sprinkler,Rice,4.27,5697,24.33
2023,Maharashtra,Salem,Black,7.19,32,53,68,26.6,316,94,Drip,Cotton,2.24,4576,10.25
2019,Andhra Pradesh,Guntur,Sandy,5.79,59,48,37,35.5,1012,74,Canal,Cotton,3.43,4870,16.7
2023,Maharashtra,Anantapur,Black,7.91,98,77,55,31.1,993,67,Canal,Sugarcane,5.26,2186,11.5
2017,Maharashtra,Salem,Black,6.83,49,56,73,27.7,809,44,Drip,Cotton,1.5,4120,6.18
2023,Andhra Pradesh,Anantapur,Black,8.37,52,68,56,37.3,1114,69,Rainfed,Millets,1.71,5635,9.64
2022,Andhra Pradesh,Guntur,Alluvial,7.59,93,21,93,27.1,612,68,Drip,Groundnut,4.83,3239,15.64
2016,Andhra Pradesh,Warangal,Sandy,6.27,112,25,74,36.3,252,77,Sprinkler,Cotton,2.32,3584,8.31
2014,Andhra Pradesh,Karimnagar,Sandy,6.11,84,73,110,24.8,837,83,Canal,Groundnut,6.08,3019,18.36
2018,Maharashtra,Warangal,Alluvial,6.57,103,22,27,22,911,81,Sprinkler,Millets,4.41,5708,25.17
2020,Telangana,Karimnagar,Sandy,7.76,94,76,32,27.9,301,83,Canal,Rice,4.16,4406,18.33
2018,Andhra Pradesh,Salem,Red,7.15,65,13,73,34.4,1018,64,Rainfed,Millets,3.81,3537,13.48
2016,Tamil Nadu,Karimnagar,Black,8.14,71,56,47,26.5,864,71,Rainfed,Sugarcane,2.78,1955,5.43
2016,Maharashtra,Warangal,Alluvial,7.6,33,22,34,26.3,475,91,Sprinkler,Cotton,5.88,5301,31.17
2021,Karnataka,Salem,Sandy,5.77,33,38,39,27.3,896,93,Rainfed,Cotton,4.06,1643,6.67
2022,Telangana,Karimnagar,Alluvial,7.54,33,41,111,23.8,780,67,Rainfed,Rice,1.6,4775,7.64
2019,Tamil Nadu,Karimnagar,Alluvial,8.35,26,24,69,21.3,1052,66,Rainfed,Groundnut,4.63,3831,17.74
2022,Maharashtra,Coimbatore,Black,6.69,41,26,119,39.5,772,83,Rainfed,Cotton,2.89,3755,10.85
2016,Andhra Pradesh,Salem,Alluvial,5.55,93,54,50,24.1,744,83,Drip,Millets,5.32,2716,14.45
2017,Telangana,Anantapur,Alluvial,6.17,95,75,36,37.7,659,90,Rainfed,Groundnut,5.06,2528,12.79
2021,Maharashtra,Salem,Alluvial,7.81,33,61,76,29.5,394,94,Sprinkler,Groundnut,5.86,1801,10.55
2021,Karnataka,Krishna,Red,6.03,90,49,23,26.6,581,81,Drip,Groundnut,4.48,2932,13.14
2014,Karnataka,Mysuru,Clay,6.67,114,52,100,29.4,645,88,Sprinkler,Rice,5.79,3609,20.9
2014,Tamil Nadu,Krishna,Sandy,6.61,38,68,119,24,922,46,Canal,Cotton,2.86,5819,16.64
2023,Andhra Pradesh,Guntur,Sandy,6.28,61,45,89,32.2,432,82,Drip,Cotton,6.31,4895,30.89
2015,Telangana,Coimbatore,Sandy,8.45,48,24,27,27.3,712,42,Canal,Cotton,2.26,2607,5.89
2021,Andhra Pradesh,Coimbatore,Red,6.74,33,39,115,20.3,384,71,Rainfed,Millets,2.08,3510,7.3
2016,Telangana,Karimnagar,Alluvial,8.1,119,60,103,34.6,1056,66,Sprinkler,Maize,2.4,5414,12.99
2023,Andhra Pradesh,Coimbatore,Clay,7.22,54,18,117,27.8,682,60,Canal,Rice,5.15,3548,18.27
2017,Andhra Pradesh,Coimbatore,Black,6.21,60,54,36,30.5,352,66,Canal,Cotton,3.19,2207,7.04
2018,Tamil Nadu,Mysuru,Alluvial,7.77,85,38,77,33.1,1138,91,Drip,Maize,3.62,4688,16.97
2020,Telangana,Warangal,Black,8.14,65,70,92,23.2,1186,68,Sprinkler,Cotton,5.62,4667,26.23
2021,Tamil Nadu,Karimnagar,Clay,6.04,25,58,118,24,294,41,Sprinkler,Rice,3.41,3515,11.99
2016,Andhra Pradesh,Warangal,Red,8.39,30,70,101,31.7,632,62,Sprinkler,Millets,1.6,4616,7.39
2015,Karnataka,Karimnagar,Red,6.03,115,30,95,38.9,863,74,Canal,Rice,3.03,4039,12.24
2016,Telangana,Anantapur,Clay,6.73,68,31,26,27.8,807,50,Sprinkler,Groundnut,5.67,3954,22.42
2017,Maharashtra,Salem,Clay,5.84,43,45,92,27.5,696,51,Drip,Millets,3.6,3752,13.51
2015,Karnataka,Warangal,Red,5.63,41,71,82,22.9,936,43,Rainfed,Maize,2.17,2032,4.41
2015,Tamil Nadu,Anantapur,Sandy,7.35,95,20,111,39.4,452,92,Sprinkler,Millets,1.74,3916,6.81
2017,Maharashtra,Krishna,Clay,7.22,114,38,23,28.1,622,80,Canal,Rice,4.97,1766,8.78
2021,Telangana,Krishna,Black,5.66,101,65,71,21,287,59,Drip,Rice,5.69,5990,34.08
2016,Tamil Nadu,Coimbatore,Sandy,6.19,31,43,74,29.5,915,47,Drip,Maize,3.69,2321,8.56
2015,Karnataka,Warangal,Sandy,6.47,102,38,23,25.9,1189,51,Rainfed,Millets,3.76,2707,10.18
2017,Karnataka,Krishna,Black,6.08,68,78,99,26.1,941,73,Canal,Millets,1.66,2817,4.68
2015,Telangana,Coimbatore,Black,6.06,23,26,105,29.8,1184,85,Rainfed,Cotton,3.4,2028,6.9
2014,Telangana,Warangal,Alluvial,6.06,40,64,36,26.7,472,49,Rainfed,Cotton,2.29,3194,7.31
2023,Andhra Pradesh,Warangal,Black,6.85,102,36,40,35.6,837,72,Canal,Cotton,3.35,1495,5.01
2017,Tamil Nadu,Anantapur,Black,6.5,95,73,46,22.3,766,77,Drip,Groundnut,4.48,2029,9.09
2021,Andhra Pradesh,Anantapur,Sandy,6.28,39,57,78,26,1034,74,Rainfed,Rice,6.07,4317,26.2
2019,Tamil Nadu,Salem,Red,5.58,31,80,37,32.1,1124,42,Sprinkler,Millets,3.85,4377,16.85
2022,Maharashtra,Karimnagar,Red,6.71,21,38,75,26.9,1046,53,Rainfed,Maize,3.02,3084,9.31
2021,Maharashtra,Krishna,Alluvial,7.94,33,25,77,21.1,385,54,Canal,Rice,1.61,4262,6.86
2020,Maharashtra,Warangal,Black,6.54,84,29,87,27.7,592,43,Sprinkler,Millets,4.81,5274,25.37
2023,Telangana,Anantapur,Sandy,7.24,38,25,119,37.4,380,89,Sprinkler,Maize,2.75,4543,12.49
2019,Maharashtra,Mysuru,Sandy,6.91,54,13,21,26.6,343,69,Canal,Groundnut,4.76,3473,16.53
2023,Karnataka,Salem,Black,8.28,45,69,47,32.9,638,48,Canal,Rice,6.24,3537,22.07
2018,Karnataka,Anantapur,Black,7.33,29,20,81,36.4,549,62,Rainfed,Rice,4.77,1236,5.9
2017,Telangana,Warangal,Sandy,5.81,107,54,66,38,834,63,Rainfed,Millets,5.74,4340,24.91
2022,Telangana,Krishna,Black,6.76,31,54,23,28.5,338,48,Canal,Maize,6.29,2444,15.37
2023,Karnataka,Guntur,Alluvial,6.59,60,34,114,23.9,1200,88,Sprinkler,Groundnut,2.63,1596,4.2
2022,Karnataka,Anantapur,Sandy,6.01,67,48,107,37.8,284,43,Drip,Rice,5.66,5336,30.2
2020,Maharashtra,Guntur,Alluvial,8.18,42,63,66,21.8,949,95,Sprinkler,Cotton,3.85,5362,20.64
2016,Maharashtra,Krishna,Clay,7.64,83,80,59,30.4,239,70,Canal,Sugarcane,3.65,3252,11.87
2019,Tamil Nadu,Anantapur,Sandy,7.45,75,56,61,33.6,377,45,Drip,Rice,2.7,3102,8.38
2022,Karnataka,Coimbatore,Red,6.05,66,64,68,34.7,746,92,Sprinkler,Millets,4.86,3076,14.95
2018,Tamil Nadu,Warangal,Clay,7.82,56,35,51,30.5,1114,93,Rainfed,Millets,2.62,3751,9.83
2022,Tamil Nadu,Warangal,Clay,6.51,97,71,104,24.3,907,91,Canal,Rice,3.3,5503,18.16
2019,Maharashtra,Karimnagar,Black,5.89,28,20,71,20.5,1028,53,Canal,Cotton,4.17,2203,9.19
2015,Telangana,Coimbatore,Sandy,7.37,101,24,114,26.1,837,60,Sprinkler,Rice,4.54,4238,19.24
2017,Telangana,Guntur,Black,8.03,36,66,51,37.8,262,67,Rainfed,Maize,3.01,1342,4.04
2017,Andhra Pradesh,Mysuru,Black,6.28,86,48,120,23.2,777,83,Rainfed,Rice,3.89,2861,11.13
2014,Tamil Nadu,Coimbatore,Red,6.54,120,68,91,31.9,351,63,Drip,Rice,2.58,2431,6.27
2022,Andhra Pradesh,Mysuru,Alluvial,6.06,33,68,94,39.9,481,93,Rainfed,Maize,2.82,5681,16.02
2015,Tamil Nadu,Coimbatore,Black,8.43,97,57,88,35.6,1099,78,Drip,Sugarcane,5.71,4490,25.64
2014,Karnataka,Krishna,Clay,8.44,69,68,94,22.7,924,44,Drip,Rice,4.86,1889,9.18
2022,Andhra Pradesh,Anantapur,Red,7.55,94,55,33,32.4,991,59,Drip,Groundnut,4.26,3165,13.48
2023,Andhra Pradesh,Mysuru,Red,8.22,79,61,65,34.9,574,89,Canal,Maize,2.89,2328,6.73
2014,Andhra Pradesh,Warangal,Clay,5.56,47,38,110,26.4,252,65,Canal,Millets,5.44,4055,22.06
2023,Telangana,Warangal,Alluvial,8.29,72,64,103,25.4,779,91,Rainfed,Millets,3.46,1408,4.87
2022,Andhra Pradesh,Guntur,Clay,6.02,20,38,82,31.7,1119,48,Drip,Sugarcane,4.15,2367,9.82
2014,Karnataka,Salem,Sandy,8.18,50,41,94,28.4,394,45,Canal,Sugarcane,2.91,4064,11.83
2014,Tamil Nadu,Guntur,Red,7,40,49,45,35,780,55,Sprinkler,Sugarcane,6.35,2436,15.47
2022,Andhra Pradesh,Guntur,Sandy,6.67,117,76,66,35.2,1140,93,Rainfed,Maize,1.94,1320,2.56
2021,Maharashtra,Anantapur,Alluvial,8.28,99,34,109,22.6,892,67,Canal,Cotton,3.43,3156,10.83
2019,Telangana,Warangal,Sandy,7.74,118,73,92,22.5,1106,87,Rainfed,Maize,2.14,4717,10.09
2020,Andhra Pradesh,Karimnagar,Red,8.4,23,58,92,20.8,781,66,Sprinkler,Sugarcane,5.2,5540,28.81
2018,Maharashtra,Guntur,Clay,5.95,106,66,49,25.5,779,89,Canal,Sugarcane,5.22,1487,7.76
2015,Maharashtra,Warangal,Black,6.98,80,34,22,37,446,60,Canal,Millets,3.03,5471,16.58
2017,Andhra Pradesh,Guntur,Alluvial,6.13,72,14,99,39.1,257,55,Drip,Rice,3.87,1572,6.08
2023,Tamil Nadu,Anantapur,Red,6.13,97,31,97,28.8,1066,42,Sprinkler,Sugarcane,3.48,4804,16.72
2021,Karnataka,Krishna,Red,7.15,116,53,26,20.3,497,86,Rainfed,Groundnut,5.54,5092,28.21
2017,Tamil Nadu,Warangal,Sandy,6.77,88,30,54,30.8,606,79,Rainfed,Cotton,4.28,3168,13.56
2015,Andhra Pradesh,Warangal,Clay,7.82,106,46,42,34.2,1176,56,Canal,Groundnut,1.87,3893,7.28
2015,Maharashtra,Warangal,Clay,7.79,74,77,90,23.4,258,85,Drip,Maize,6.3,2049,12.91
2015,Karnataka,Krishna,Red,7.99,26,57,85,25.9,983,62,Sprinkler,Maize,6.25,2982,18.64
2017,Telangana,Karimnagar,Black,6.81,74,53,61,31.9,912,60,Drip,Sugarcane,2.64,3738,9.87
2019,Andhra Pradesh,Warangal,Black,6.94,105,13,118,32.8,776,74,Sprinkler,Groundnut,5.54,2517,13.94
2014,Karnataka,Anantapur,Alluvial,7.47,51,64,76,28.5,615,65,Rainfed,Millets,5.51,4230,23.31
2023,Andhra Pradesh,Guntur,Sandy,5.89,97,11,89,30.1,1139,44,Canal,Sugarcane,5.48,4410,24.17
2021,Telangana,Krishna,Red,6.45,49,41,62,34.7,753,90,Rainfed,Maize,5.93,1607,9.53
2016,Andhra Pradesh,Karimnagar,Sandy,7.24,96,42,44,36.8,659,51,Sprinkler,Rice,4.37,4595,20.08
2014,Andhra Pradesh,Salem,Black,7.05,93,56,54,33.6,616,95,Sprinkler,Millets,4.7,3184,14.96
2016,Andhra Pradesh,Krishna,Alluvial,5.81,44,60,24,25.1,942,90,Sprinkler,Millets,1.51,5071,7.66
2015,Karnataka,Mysuru,Red,5.82,106,20,51,39.4,1025,42,Canal,Rice,4.08,5418,22.11
2019,Tamil Nadu,Salem,Clay,7.71,29,60,71,24.7,453,70,Drip,Groundnut,6.4,5758,36.85
2014,Maharashtra,Karimnagar,Clay,8.08,97,56,72,21.4,1051,67,Sprinkler,Maize,5.49,1360,7.47
2018,Maharashtra,Guntur,Alluvial,5.86,72,57,23,28.4,1159,44,Rainfed,Cotton,3.84,5657,21.72
2021,Karnataka,Mysuru,Sandy,8.27,40,34,27,35.1,1157,51,Sprinkler,Maize,5.91,2410,14.24
2015,Tamil Nadu,Karimnagar,Red,6.27,39,79,54,20.8,389,66,Sprinkler,Sugarcane,2.77,4480,12.41
2019,Maharashtra,Anantapur,Clay,5.7,40,10,45,34.6,402,87,Sprinkler,Cotton,5.17,5449,28.17
2022,Andhra Pradesh,Anantapur,Sandy,6.02,22,61,87,38,230,54,Canal,Maize,1.81,1640,2.97
2021,Tamil Nadu,Guntur,Sandy,6.27,35,43,43,30.6,405,48,Canal,Maize,3.8,4473,17
2018,Andhra Pradesh,Coimbatore,Clay,6.54,55,39,77,25.3,215,45,Drip,Maize,5.67,2085,11.82
2018,Maharashtra,Karimnagar,Black,8.22,69,23,102,22,1116,51,Canal,Maize,4.59,5579,25.61
2014,Andhra Pradesh,Coimbatore,Alluvial,6.45,21,75,38,21.1,446,80,Canal,Sugarcane,5.52,4422,24.41
2017,Karnataka,Karimnagar,Alluvial,7.3,68,30,22,33.9,1030,40,Canal,Maize,2.93,3221,9.44
2016,Karnataka,Mysuru,Alluvial,6.9,27,14,111,34.7,620,71,Drip,Cotton,5.69,4705,26.77
2017,Tamil Nadu,Krishna,Alluvial,6.2,50,11,110,36.5,261,70,Rainfed,Sugarcane,3.14,1310,4.11
2015,Telangana,Krishna,Clay,7,72,57,64,33.5,250,78,Drip,Sugarcane,4.28,5913,25.31
2018,Tamil Nadu,Anantapur,Alluvial,6.44,118,50,28,37.5,441,51,Rainfed,Millets,5.11,3726,19.04
2023,Tamil Nadu,Warangal,Clay,6.02,25,65,31,36.7,594,94,Sprinkler,Cotton,3.8,5356,20.35
2019,Karnataka,Guntur,Sandy,6.32,43,78,20,31.5,274,49,Canal,Groundnut,4.25,2426,10.31
2015,Karnataka,Anantapur,Alluvial,5.55,89,42,111,31.2,807,63,Drip,Maize,6.24,4895,30.54
2014,Tamil Nadu,Warangal,Red,6.53,22,43,72,21.7,1067,95,Canal,Rice,4.39,2597,11.4
2022,Telangana,Karimnagar,Sandy,8.01,55,62,59,32.7,832,82,Drip,Cotton,4.44,1874,8.32
2015,Telangana,Warangal,Clay,6.17,32,56,61,27.4,423,75,Canal,Maize,1.78,3780,6.73
2020,Karnataka,Coimbatore,Alluvial,7.59,113,21,60,21.6,544,76,Canal,Millets,4.48,3840,17.2
2019,Telangana,Anantapur,Sandy,6.1,22,66,60,31.2,591,93,Sprinkler,Cotton,3.1,2751,8.53
2019,Karnataka,Karimnagar,Red,6.03,80,77,119,28.7,1033,44,Rainfed,Millets,2.44,5803,14.16
2021,Telangana,Coimbatore,Red,7.62,27,14,77,34.9,823,47,Rainfed,Cotton,6.13,5990,36.72
2015,Telangana,Coimbatore,Sandy,7.12,61,16,41,20.6,946,57,Sprinkler,Sugarcane,5.57,2646,14.74
2016,Maharashtra,Anantapur,Black,6.28,39,52,24,29.7,782,49,Canal,Cotton,5.86,5301,31.06
2017,Telangana,Guntur,Alluvial,6.45,84,50,45,39.4,897,92,Drip,Sugarcane,2.37,5795,13.73
2021,Tamil Nadu,Warangal,Sandy,6.52,58,47,59,32,1070,80,Canal,Maize,2.46,5992,14.74
2021,Karnataka,Guntur,Red,6.36,24,53,108,20.7,814,48,Canal,Groundnut,4.67,1957,9.14
2019,Maharashtra,Salem,Clay,6.73,116,72,96,37.6,571,40,Sprinkler,Cotton,5.92,2968,17.57
2023,Maharashtra,Guntur,Clay,8.35,92,20,105,30.8,1126,45,Sprinkler,Maize,3.68,1781,6.55
2016,Maharashtra,Salem,Clay,6.73,77,48,99,30,829,41,Sprinkler,Groundnut,1.57,2142,3.36
2014,Maharashtra,Mysuru,Clay,5.64,63,26,26,39.5,706,63,Canal,Maize,4,3979,15.92
2017,Karnataka,Salem,Alluvial,6.98,83,78,111,33.3,839,76,Sprinkler,Maize,3.19,1611,5.14
2023,Andhra Pradesh,Anantapur,Clay,6.53,77,31,36,25.7,279,70,Sprinkler,Maize,5.96,4576,27.27
2014,Telangana,Warangal,Clay,6.39,97,45,91,25.5,251,88,Canal,Cotton,1.7,5038,8.56
2015,Karnataka,Salem,Red,8.44,88,76,39,29.2,487,70,Sprinkler,Millets,3.37,5156,17.38
2018,Andhra Pradesh,Coimbatore,Clay,7.29,86,26,43,25.9,1027,56,Rainfed,Rice,6.37,4207,26.8
2021,Tamil Nadu,Mysuru,Clay,7.35,111,62,22,37.5,1155,46,Rainfed,Cotton,5.01,5172,25.91
2022,Maharashtra,Anantapur,Red,5.72,58,19,83,39.4,490,78,Sprinkler,Millets,3.21,2832,9.09
2020,Tamil Nadu,Warangal,Black,5.63,114,61,95,37.5,608,62,Rainfed,Maize,3.51,2691,9.45
2021,Andhra Pradesh,Anantapur,Red,5.63,105,48,70,30.4,434,87,Rainfed,Groundnut,6.26,5013,31.38
2017,Andhra Pradesh,Salem,Alluvial,8.08,116,33,94,29.5,670,91,Sprinkler,Maize,3.91,4617,18.05
2019,Maharashtra,Karimnagar,Alluvial,7.6,69,40,98,37.5,733,93,Rainfed,Rice,5.58,3880,21.65
2017,Telangana,Coimbatore,Black,7.69,63,16,75,24.7,257,70,Rainfed,Millets,3.97,5256,20.87
2023,Karnataka,Krishna,Clay,5.66,30,16,27,27.7,790,50,Canal,Sugarcane,4.52,2736,12.37
2015,Karnataka,Coimbatore,Clay,6.08,66,62,45,31.8,791,91,Sprinkler,Rice,3.35,2625,8.79
2018,Tamil Nadu,Coimbatore,Black,5.8,76,31,118,22.2,899,64,Canal,Cotton,4.25,4897,20.81
2015,Maharashtra,Warangal,Alluvial,7.18,65,63,81,22.4,1161,63,Canal,Rice,3.69,3027,11.17
2020,Andhra Pradesh,Coimbatore,Red,8.37,117,37,74,30.6,803,45,Rainfed,Rice,6.04,5037,30.42
2017,Tamil Nadu,Anantapur,Alluvial,6.92,118,79,39,26.6,541,60,Drip,Maize,4.79,5353,25.64
2021,Karnataka,Krishna,Clay,5.72,54,30,113,30.1,332,91,Sprinkler,Millets,5.54,3735,20.69
2022,Andhra Pradesh,Coimbatore,Sandy,6.44,41,33,54,26.9,716,54,Drip,Cotton,3.16,3682,11.64
2021,Tamil Nadu,Guntur,Black,7.9,107,55,60,31.6,528,42,Canal,Sugarcane,4.96,5920,29.36
2019,Maharashtra,Warangal,Black,7.97,27,66,64,22.4,579,84,Drip,Maize,6.36,3099,19.71
2016,Karnataka,Salem,Red,8.11,80,63,32,23.3,358,72,Sprinkler,Sugarcane,3.99,2239,8.93
2018,Tamil Nadu,Karimnagar,Alluvial,6.97,31,37,76,39.7,700,83,Drip,Rice,2.73,4159,11.35
2016,Karnataka,Karimnagar,Clay,6.86,32,46,95,21.7,440,91,Sprinkler,Millets,3.28,4556,14.94
2015,Maharashtra,Karimnagar,Clay,6.99,111,51,97,28.4,606,44,Canal,Cotton,5,1697,8.48
2022,Karnataka,Mysuru,Black,6.71,60,21,42,39.6,950,83,Rainfed,Cotton,2.41,2595,6.25
2023,Telangana,Salem,Sandy,6.13,55,59,44,37.7,1005,73,Rainfed,Maize,5.07,2316,11.74
2023,Maharashtra,Warangal,Clay,7.49,21,64,96,30.5,1147,92,Rainfed,Groundnut,2.1,3215,6.75
2016,Maharashtra,Salem,Clay,6.94,66,19,83,36.7,444,67,Sprinkler,Millets,2.85,3972,11.32
2019,Telangana,Salem,Alluvial,8.39,64,55,105,31.1,752,79,Sprinkler,Groundnut,6.47,3674,23.77
2015,Andhra Pradesh,Anantapur,Clay,7.41,20,80,89,29.2,560,81,Canal,Millets,2.34,3203,7.5
2014,Maharashtra,Krishna,Black,6.07,23,52,44,38.5,753,60,Rainfed,Sugarcane,3.23,4239,13.69
2016,Andhra Pradesh,Karimnagar,Clay,6.68,48,66,104,27.4,698,56,Canal,Cotton,4.22,3069,12.95
2022,Maharashtra,Warangal,Red,6.97,29,74,87,22.7,1028,81,Rainfed,Rice,3.36,3747,12.59
2022,Telangana,Coimbatore,Red,6.36,77,47,62,34,352,80,Sprinkler,Millets,6.45,2208,14.24
2022,Maharashtra,Karimnagar,Clay,8.04,56,24,61,24.8,1068,95,Rainfed,Millets,2.89,4528,13.09
2015,Maharashtra,Anantapur,Black,6.17,119,57,24,32.4,1135,68,Rainfed,Cotton,4.25,2808,11.93
2014,Maharashtra,Mysuru,Red,7.16,96,54,41,28.2,840,45,Canal,Sugarcane,6.19,4053,25.09
2015,Andhra Pradesh,Karimnagar,Alluvial,6.72,34,19,60,33.1,575,42,Sprinkler,Millets,4.6,2546,11.71
2017,Telangana,Warangal,Clay,7,90,67,105,26.6,521,81,Rainfed,Groundnut,6.19,2749,17.02
2019,Telangana,Mysuru,Sandy,7.14,23,63,52,35.2,765,74,Rainfed,Rice,5.56,2059,11.45
2021,Tamil Nadu,Coimbatore,Sandy,7.66,35,10,61,27.7,823,88,Rainfed,Cotton,1.76,5980,10.52
2016,Karnataka,Warangal,Alluvial,8.13,41,60,25,30.6,607,82,Rainfed,Groundnut,2.31,2040,4.71
2018,Tamil Nadu,Anantapur,Black,6.65,105,26,28,23.8,1105,85,Rainfed,Sugarcane,2.93,2757,8.08
2021,Andhra Pradesh,Krishna,Clay,6.54,43,32,87,22,1160,42,Rainfed,Groundnut,4.02,4655,18.71
2021,Maharashtra,Mysuru,Alluvial,7.51,93,52,40,24.4,836,90,Sprinkler,Rice,1.51,3417,5.16
2019,Tamil Nadu,Krishna,Black,7.59,112,18,103,31.3,886,69,Sprinkler,Cotton,5.57,2258,12.58
2019,Karnataka,Karimnagar,Black,7.91,101,74,60,31.3,994,51,Canal,Sugarcane,5.56,1824,10.14
2017,Telangana,Salem,Alluvial,7.7,31,63,48,32,715,42,Drip,Groundnut,3.23,4466,14.43
2016,Karnataka,Coimbatore,Sandy,6.38,120,51,61,30.9,1039,79,Sprinkler,Sugarcane,5.55,1649,9.15
2019,Maharashtra,Krishna,Red,7.28,107,76,105,36.2,1041,81,Rainfed,Sugarcane,4.43,2288,10.14
2022,Telangana,Krishna,Alluvial,6.85,92,22,35,37.1,499,86,Sprinkler,Cotton,4.92,4396,21.63
2017,Andhra Pradesh,Mysuru,Black,7.46,116,29,29,29.4,714,72,Drip,Groundnut,6.06,3501,21.22
2016,Telangana,Anantapur,Sandy,7.9,70,46,28,39.1,825,40,Sprinkler,Millets,2.45,1481,3.63
2021,Karnataka,Warangal,Sandy,5.75,111,27,54,31.8,869,74,Sprinkler,Rice,5.44,5206,28.32
2016,Andhra Pradesh,Mysuru,Sandy,7.95,89,58,61,28.5,313,68,Drip,Rice,3.73,1366,5.1
2022,Telangana,Warangal,Alluvial,6.36,38,66,77,22.1,1000,45,Drip,Maize,2.01,2562,5.15
2018,Telangana,Warangal,Alluvial,5.55,35,70,88,31.8,411,67,Canal,Cotton,2.2,5044,11.1
2020,Karnataka,Krishna,Clay,7.96,120,39,38,35.3,1137,40,Rainfed,Millets,3.78,5914,22.35
2023,Andhra Pradesh,Anantapur,Clay,5.66,98,64,43,30,554,86,Drip,Groundnut,2.14,1529,3.27
2022,Tamil Nadu,Coimbatore,Black,7.58,120,66,25,38.4,1081,77,Sprinkler,Groundnut,2.11,3854,8.13
2021,Karnataka,Warangal,Sandy,6.76,73,25,24,27.9,410,82,Sprinkler,Sugarcane,5.67,2216,12.56
2020,Karnataka,Guntur,Clay,6.91,32,30,110,32.3,599,79,Sprinkler,Cotton,4.64,1709,7.93
2015,Tamil Nadu,Warangal,Clay,8.18,45,59,103,31.1,753,94,Sprinkler,Maize,4.13,3189,13.17
2023,Tamil Nadu,Mysuru,Red,6.64,54,14,58,36,914,41,Sprinkler,Groundnut,1.76,1852,3.26
2017,Telangana,Mysuru,Clay,5.74,46,57,73,37.2,673,92,Rainfed,Cotton,2.79,2846,7.94
2020,Andhra Pradesh,Krishna,Clay,5.92,55,17,65,26.2,512,43,Drip,Maize,6.36,5457,34.71
2016,Telangana,Krishna,Black,7.37,93,47,30,23.3,1018,94,Drip,Cotton,5.57,1351,7.53
2023,Maharashtra,Mysuru,Clay,5.61,115,69,22,33.2,728,59,Drip,Maize,2.64,3544,9.36
2016,Maharashtra,Guntur,Red,5.9,42,65,31,35.6,482,42,Rainfed,Groundnut,3.05,3873,11.81
2016,Tamil Nadu,Mysuru,Alluvial,6.63,90,22,46,21,937,44,Drip,Millets,3.53,5527,19.51
2019,Karnataka,Mysuru,Clay,8.05,67,20,44,38.6,916,86,Rainfed,Millets,3.88,5714,22.17
2019,Andhra Pradesh,Warangal,Alluvial,7.83,77,80,115,39.5,1046,41,Drip,Rice,2.09,4135,8.64
2023,Maharashtra,Coimbatore,Sandy,7.09,86,12,119,36.3,654,91,Drip,Sugarcane,3.6,5808,20.91
2022,Andhra Pradesh,Coimbatore,Black,7.85,79,19,99,26.8,928,95,Drip,Groundnut,1.71,4952,8.47
2015,Karnataka,Mysuru,Red,7.34,32,12,49,21.5,1005,40,Rainfed,Maize,6.31,5728,36.14
2014,Tamil Nadu,Warangal,Black,7.37,38,54,82,39.3,639,77,Drip,Cotton,3.53,5140,18.14
2014,Telangana,Guntur,Clay,7.82,38,59,32,29.7,474,80,Drip,Cotton,2.4,2164,5.19
2019,Telangana,Karimnagar,Sandy,6.13,81,42,88,21,714,47,Sprinkler,Sugarcane,4.07,4609,18.76
2021,Karnataka,Guntur,Black,6.76,47,72,65,34.3,940,77,Rainfed,Rice,3.22,1776,5.72
2020,Karnataka,Mysuru,Sandy,5.57,46,62,22,37.8,1073,82,Sprinkler,Maize,6.2,4928,30.55
2018,Andhra Pradesh,Warangal,Sandy,7.87,119,18,32,35,340,57,Drip,Maize,5.56,1455,8.09
2021,Telangana,Warangal,Clay,7.62,75,56,35,32.2,1045,85,Canal,Millets,3.77,3792,14.3
2020,Karnataka,Mysuru,Red,6.53,98,65,50,33.8,296,91,Drip,Cotton,5.76,2355,13.56
2021,Karnataka,Salem,Alluvial,7.71,29,29,107,35.1,928,87,Rainfed,Groundnut,5.65,4395,24.83
2022,Karnataka,Coimbatore,Clay,7.41,26,52,103,21.6,1015,59,Sprinkler,Rice,2.01,2906,5.84
2019,Andhra Pradesh,Guntur,Sandy,5.61,55,62,22,20,421,57,Sprinkler,Cotton,3.72,4408,16.4
2016,Telangana,Guntur,Clay,8.14,64,11,28,35.1,1147,81,Sprinkler,Groundnut,5.45,1713,9.34
2021,Karnataka,Coimbatore,Clay,7.07,47,45,91,28.7,925,60,Drip,Groundnut,6.03,1240,7.48
2022,Tamil Nadu,Warangal,Clay,7.6,82,41,39,34,283,64,Canal,Millets,3.72,4359,16.22
2015,Karnataka,Karimnagar,Red,5.98,102,13,91,38.5,1020,84,Rainfed,Sugarcane,5.95,5910,35.16
2016,Karnataka,Krishna,Sandy,6.89,53,54,116,21.9,274,85,Rainfed,Millets,4.13,4546,18.77
2022,Maharashtra,Salem,Alluvial,7.43,115,15,97,22.4,964,59,Drip,Rice,5.76,4279,24.65
2014,Karnataka,Krishna,Sandy,8.13,81,60,34,32.3,892,76,Canal,Maize,3.29,1763,5.8
2016,Maharashtra,Mysuru,Clay,6.07,95,71,80,24.2,859,76,Drip,Sugarcane,2.87,3092,8.87
2014,Tamil Nadu,Warangal,Sandy,6.87,70,47,68,25.1,1144,55,Canal,Cotton,1.93,2238,4.32
2021,Tamil Nadu,Krishna,Black,6.58,100,56,71,20.6,1007,80,Rainfed,Maize,3.23,5795,18.72
2022,Tamil Nadu,Warangal,Sandy,8.16,67,58,65,38.4,1043,40,Drip,Rice,4.91,2342,11.5
2015,Karnataka,Karimnagar,Red,8.33,112,10,24,37.7,538,75,Rainfed,Maize,4.34,5174,22.46
2023,Andhra Pradesh,Krishna,Clay,6.9,98,14,36,28.8,1098,79,Sprinkler,Cotton,4.3,3080,13.24
2015,Maharashtra,Coimbatore,Sandy,8.46,45,50,34,39.3,1162,79,Canal,Sugarcane,5.25,1990,10.45
2021,Tamil Nadu,Guntur,Sandy,7.67,21,48,98,24.7,961,47,Canal,Sugarcane,2.32,5911,13.71
2016,Tamil Nadu,Anantapur,Black,7.87,68,14,55,25.4,846,77,Rainfed,Groundnut,1.94,5393,10.46
2019,Tamil Nadu,Anantapur,Red,7.71,95,66,114,28.5,211,94,Rainfed,Cotton,6.25,2202,13.76
2022,Maharashtra,Mysuru,Clay,5.81,36,26,82,20.8,261,57,Sprinkler,Sugarcane,3.36,1731,5.82
2023,Telangana,Krishna,Sandy,7.56,102,40,49,27.8,485,54,Drip,Cotton,5.7,4417,25.18
2023,Maharashtra,Krishna,Black,5.65,107,10,63,25.3,1188,88,Canal,Maize,3.35,1712,5.74
2019,Karnataka,Warangal,Sandy,6.78,52,76,61,30.4,571,71,Sprinkler,Sugarcane,1.64,4481,7.35
2018,Karnataka,Warangal,Red,7.3,31,78,74,25.4,312,43,Canal,Millets,1.56,1311,2.05
2014,Andhra Pradesh,Warangal,Red,7.24,21,40,53,37.3,454,46,Drip,Cotton,6,2482,14.89
2021,Telangana,Guntur,Clay,7.7,95,61,68,20.1,214,67,Rainfed,Groundnut,2.52,1703,4.29
2016,Karnataka,Karimnagar,Red,6.3,37,61,83,30.7,969,91,Canal,Rice,4.89,3479,17.01
2021,Telangana,Karimnagar,Clay,6.83,86,63,47,35.4,231,60,Sprinkler,Cotton,2.57,5005,12.86
2019,Tamil Nadu,Mysuru,Sandy,8.16,60,56,112,36.5,649,48,Sprinkler,Millets,4.96,1240,6.15
2021,Tamil Nadu,Krishna,Sandy,7.61,72,61,70,33.3,733,65,Sprinkler,Groundnut,3.88,5477,21.25
2020,Maharashtra,Warangal,Sandy,8.15,112,69,83,32.8,934,46,Canal,Cotton,5.09,5501,28
2020,Tamil Nadu,Warangal,Clay,5.85,110,24,51,35,1048,60,Canal,Groundnut,3.82,4315,16.48
2020,Telangana,Anantapur,Red,6.85,116,52,69,36.6,468,51,Canal,Groundnut,5.21,4124,21.49
2015,Karnataka,Karimnagar,Red,8.4,82,41,74,33.5,851,77,Rainfed,Groundnut,3.96,2692,10.66
2020,Tamil Nadu,Coimbatore,Red,7.61,93,69,47,36.5,375,55,Drip,Maize,5.9,2434,14.36
2017,Andhra Pradesh,Warangal,Black,6.11,49,77,119,24.8,1057,84,Rainfed,Millets,4.14,2878,11.91
2018,Andhra Pradesh,Karimnagar,Alluvial,6.19,117,79,52,38.9,635,75,Sprinkler,Groundnut,5.58,5019,28.01
2020,Karnataka,Anantapur,Alluvial,7.66,29,71,110,25.3,393,41,Canal,Groundnut,5.94,3763,22.35
2016,Maharashtra,Guntur,Sandy,7.05,83,25,104,33.3,761,84,Rainfed,Sugarcane,5.12,5121,26.22
2015,Andhra Pradesh,Coimbatore,Sandy,6.47,23,19,111,36.5,234,94,Canal,Cotton,3.79,3359,12.73
2017,Telangana,Anantapur,Clay,7.95,58,64,95,29.2,707,81,Canal,Cotton,1.85,3822,7.07
2016,Maharashtra,Guntur,Clay,5.58,108,28,105,27.4,221,55,Rainfed,Cotton,2.42,5622,13.61
2015,Tamil Nadu,Anantapur,Alluvial,8.42,43,15,105,31,472,86,Sprinkler,Maize,3.17,5053,16.02
2020,Telangana,Anantapur,Alluvial,7.56,80,48,53,30.5,574,76,Drip,Sugarcane,3.21,4320,13.87
2019,Karnataka,Anantapur,Clay,7.33,57,37,39,32.3,291,85,Rainfed,Rice,2.75,4115,11.32
2020,Tamil Nadu,Mysuru,Clay,7.23,67,45,41,20.3,275,75,Canal,Maize,3.58,2070,7.41
2017,Telangana,Krishna,Sandy,7.97,72,14,38,28.3,1160,48,Canal,Cotton,5.49,4022,22.08
2020,Tamil Nadu,Guntur,Black,7.74,81,37,77,39.8,320,53,Canal,Groundnut,5.9,2265,13.36
2015,Karnataka,Coimbatore,Black,7.98,51,39,71,23.4,963,80,Drip,Millets,5.48,2681,14.69
2023,Telangana,Karimnagar,Alluvial,7.18,107,66,68,38.8,444,45,Sprinkler,Maize,4.29,2207,9.47
2015,Telangana,Guntur,Sandy,5.72,79,34,88,37.8,216,68,Canal,Sugarcane,6.17,5432,33.52
2016,Tamil Nadu,Karimnagar,Sandy,6.23,120,10,120,23.4,820,61,Canal,Maize,3.35,3772,12.64
2015,Maharashtra,Salem,Black,5.7,110,22,118,28,633,76,Rainfed,Millets,6.06,2409,14.6
2022,Telangana,Mysuru,Clay,7.7,43,56,89,35.2,1071,44,Drip,Groundnut,2.27,3320,7.54
2016,Andhra Pradesh,Krishna,Sandy,7.34,29,14,99,37.9,446,59,Canal,Millets,4.71,1946,9.17
2021,Karnataka,Warangal,Sandy,7.41,108,25,112,36.5,399,81,Canal,Maize,4.72,1406,6.64
2014,Maharashtra,Guntur,Black,6.92,45,63,87,30.2,740,81,Sprinkler,Maize,4.77,2085,9.95
2020,Karnataka,Karimnagar,Sandy,6.69,41,42,80,25.5,552,90,Drip,Cotton,3.51,1534,5.38
2023,Telangana,Krishna,Sandy,6.5,82,24,99,30.8,1097,54,Drip,Sugarcane,2.16,4807,10.38
2020,Karnataka,Krishna,Clay,5.79,88,57,88,37.9,1097,50,Sprinkler,Maize,4.76,2787,13.27
2017,Andhra Pradesh,Karimnagar,Black,7.33,105,57,36,21.6,394,50,Canal,Sugarcane,5.64,2633,14.85
2015,Maharashtra,Guntur,Red,5.61,31,76,109,31,1113,48,Drip,Millets,4.34,2790,12.11
2017,Karnataka,Karimnagar,Alluvial,7.97,27,22,93,26.4,522,68,Sprinkler,Maize,2.29,4715,10.8
2014,Telangana,Warangal,Alluvial,8.19,53,66,70,28.7,779,45,Canal,Millets,5.07,1452,7.36
2019,Telangana,Mysuru,Clay,5.67,76,15,75,20.3,557,50,Canal,Millets,6.46,3300,21.32
2022,Maharashtra,Mysuru,Alluvial,8.37,110,31,84,37.1,355,40,Rainfed,Millets,6.14,3988,24.49
2018,Telangana,Karimnagar,Sandy,6.68,36,41,104,35.3,524,76,Rainfed,Rice,2.7,4365,11.79
2016,Telangana,Guntur,Red,6.32,85,17,86,39.7,350,43,Drip,Cotton,2.91,1986,5.78
2018,Tamil Nadu,Salem,Sandy,5.94,80,37,40,34.1,415,61,Sprinkler,Sugarcane,5.31,3592,19.07
2014,Telangana,Mysuru,Black,7.12,36,60,80,24.9,799,42,Canal,Cotton,6.22,4294,26.71
2023,Telangana,Coimbatore,Alluvial,8.45,98,69,87,22.8,901,79,Canal,Maize,2.48,4264,10.57
2023,Telangana,Coimbatore,Clay,7.49,63,65,49,21.7,1170,79,Drip,Sugarcane,3.32,1241,4.12
2016,Andhra Pradesh,Guntur,Red,6.86,56,48,99,24.7,220,77,Drip,Sugarcane,4.14,3501,14.49
2023,Telangana,Mysuru,Black,7.85,39,38,64,20.2,645,73,Canal,Rice,1.94,5336,10.35
2017,Tamil Nadu,Karimnagar,Alluvial,7.02,43,21,101,20.8,515,63,Canal,Maize,1.95,2867,5.59
2017,Andhra Pradesh,Mysuru,Red,7.23,93,14,68,20.3,1117,41,Drip,Millets,1.96,2306,4.52
2016,Tamil Nadu,Anantapur,Black,7.56,21,44,106,35.2,904,66,Rainfed,Sugarcane,5.31,3279,17.41
2015,Karnataka,Krishna,Black,5.5,70,23,29,30,577,45,Rainfed,Rice,2.32,5384,12.49
2016,Telangana,Anantapur,Alluvial,8.28,79,46,99,31.4,607,42,Canal,Cotton,4.66,4031,18.78
2017,Tamil Nadu,Anantapur,Sandy,6.6,55,23,108,31.4,750,48,Drip,Maize,5.01,3372,16.89
2023,Maharashtra,Salem,Sandy,7.89,83,70,104,30.2,516,78,Canal,Millets,3.45,1764,6.09
2023,Andhra Pradesh,Mysuru,Sandy,8.38,118,50,52,34.2,210,52,Drip,Maize,3.03,1855,5.62
2020,Karnataka,Mysuru,Black,7.3,54,45,54,37.5,445,47,Drip,Rice,5.92,3193,18.9
2023,Maharashtra,Mysuru,Sandy,6.99,84,63,78,22.2,943,58,Drip,Millets,6.36,1948,12.39
2016,Telangana,Mysuru,Clay,5.52,61,48,110,21.5,967,56,Rainfed,Sugarcane,3.06,1804,5.52
2014,Andhra Pradesh,Warangal,Black,6.99,93,45,21,33,742,60,Canal,Rice,3.46,2966,10.26
2018,Telangana,Salem,Sandy,7.08,112,45,83,34.5,615,40,Rainfed,Groundnut,4.45,4554,20.27
2014,Karnataka,Karimnagar,Red,6.04,94,79,80,36.5,254,80,Rainfed,Groundnut,3.95,3504,13.84
2016,Maharashtra,Krishna,Sandy,7.29,47,52,60,25,342,87,Drip,Groundnut,2.38,2129,5.07
2023,Telangana,Karimnagar,Red,7.35,105,67,112,21.7,453,47,Rainfed,Sugarcane,5.71,1633,9.32
2014,Karnataka,Krishna,Clay,7.01,74,56,74,39.3,1063,91,Canal,Groundnut,2.86,1975,5.65
2020,Telangana,Guntur,Red,7.75,32,76,103,29.7,568,74,Drip,Millets,3.55,1617,5.74
2022,Tamil Nadu,Mysuru,Clay,6.91,95,49,21,37,1123,55,Sprinkler,Sugarcane,3.31,1858,6.15
2014,Telangana,Coimbatore,Sandy,6.12,30,71,79,37.1,379,83,Sprinkler,Cotton,2.21,5295,11.7
2021,Andhra Pradesh,Anantapur,Black,8.28,46,70,57,31.8,990,64,Rainfed,Millets,5.42,2655,14.39
2022,Telangana,Karimnagar,Black,5.61,42,28,57,31.4,1122,64,Rainfed,Rice,4.88,5884,28.71
2018,Tamil Nadu,Krishna,Alluvial,7.52,70,25,102,24.5,1094,57,Canal,Rice,4.46,1905,8.5
2018,Telangana,Anantapur,Black,6.67,105,59,82,37,615,93,Drip,Cotton,5.87,4076,23.93
2016,Maharashtra,Salem,Alluvial,7.79,104,31,56,37.4,1041,84,Canal,Cotton,5.68,4364,24.79
2022,Andhra Pradesh,Guntur,Red,8.09,108,40,69,38.1,286,75,Rainfed,Groundnut,3.08,4895,15.08
2014,Maharashtra,Salem,Alluvial,7.6,57,77,103,38.7,502,86,Rainfed,Cotton,5.56,4059,22.57
2016,Karnataka,Salem,Clay,7.07,65,11,33,27,219,42,Sprinkler,Rice,5.43,1754,9.52
2021,Tamil Nadu,Mysuru,Clay,7.65,39,80,55,20.6,213,87,Rainfed,Millets,6.03,4336,26.15
2016,Maharashtra,Karimnagar,Black,7.38,104,36,91,32.7,226,43,Rainfed,Rice,3.72,1292,4.81
2017,Karnataka,Coimbatore,Red,6.73,68,66,56,31,1066,47,Drip,Groundnut,5.89,1872,11.03
2018,Tamil Nadu,Karimnagar,Sandy,7.83,76,32,42,21,360,82,Canal,Sugarcane,4.05,4184,16.95
2022,Karnataka,Warangal,Sandy,7.91,33,70,27,39.2,1047,45,Sprinkler,Maize,1.67,1951,3.26
2021,Tamil Nadu,Anantapur,Sandy,5.88,27,79,107,31.2,1054,93,Canal,Rice,3.04,4954,15.06
2022,Karnataka,Guntur,Black,6.57,108,75,25,30.5,220,63,Rainfed,Maize,2.3,2365,5.44
2022,Telangana,Anantapur,Clay,8.39,111,62,43,25.2,867,91,Canal,Maize,3.55,4137,14.69
2015,Karnataka,Coimbatore,Sandy,7.87,88,26,97,36.9,953,42,Canal,Groundnut,3.55,3221,11.43
2016,Telangana,Mysuru,Red,5.59,116,49,37,31.7,233,79,Sprinkler,Millets,4.86,1497,7.28
2020,Karnataka,Salem,Clay,7.69,26,80,50,27.1,538,66,Sprinkler,Maize,6.3,4564,28.75
2023,Andhra Pradesh,Salem,Black,7.42,36,79,50,36.3,571,77,Rainfed,Sugarcane,5.1,2197,11.2
2017,Telangana,Mysuru,Clay,7.16,86,75,114,35.5,687,83,Drip,Rice,1.62,5012,8.12
2022,Tamil Nadu,Coimbatore,Sandy,8.03,87,69,28,31.9,1194,58,Canal,Groundnut,5.01,5345,26.78
2021,Karnataka,Warangal,Black,6.29,36,79,55,22.9,885,86,Drip,Rice,2.18,5058,11.03
2014,Andhra Pradesh,Mysuru,Sandy,5.81,72,47,44,23,392,44,Drip,Maize,5.12,4634,23.73
2022,Karnataka,Coimbatore,Black,8.21,84,42,106,21.6,737,85,Rainfed,Groundnut,1.68,5969,10.03
2023,Maharashtra,Krishna,Black,7.7,36,15,92,27.2,651,66,Drip,Rice,5.91,4324,25.55
2018,Andhra Pradesh,Karimnagar,Clay,6.02,109,14,78,29.1,475,74,Sprinkler,Millets,5.24,4295,22.51
2020,Karnataka,Warangal,Sandy,6.01,67,29,91,27.8,241,82,Drip,Millets,3.76,4909,18.46
2022,Karnataka,Guntur,Black,6.58,72,20,96,34.6,639,81,Sprinkler,Cotton,4.53,4629,20.97
2018,Maharashtra,Anantapur,Clay,6.89,67,18,108,29.1,863,41,Drip,Sugarcane,5.29,4115,21.77
2014,Telangana,Karimnagar,Sandy,8.48,100,63,68,22.7,365,94,Sprinkler,Millets,4.24,5213,22.1
2020,Andhra Pradesh,Salem,Sandy,7.76,61,80,48,31.3,294,59,Drip,Millets,6.44,2813,18.12
2015,Maharashtra,Warangal,Black,6.18,120,58,114,22.1,663,83,Rainfed,Groundnut,1.64,2628,4.31
2015,Karnataka,Guntur,Clay,6.6,27,33,41,38.8,675,81,Sprinkler,Maize,5.62,2063,11.59
2019,Tamil Nadu,Anantapur,Sandy,6.89,51,14,29,33.4,596,93,Rainfed,Rice,2.98,5529,16.48
2018,Maharashtra,Krishna,Clay,8.18,109,59,47,30.2,1050,45,Canal,Sugarcane,3.72,1630,6.06
2018,Tamil Nadu,Anantapur,Red,8.12,70,13,77,31.7,875,48,Drip,Maize,5.79,4992,28.9
2016,Maharashtra,Coimbatore,Sandy,5.74,112,72,25,30.8,255,70,Drip,Maize,2.53,5093,12.89
2015,Andhra Pradesh,Warangal,Alluvial,7.11,95,56,74,21.6,551,41,Rainfed,Sugarcane,2.3,4654,10.7
2020,Maharashtra,Salem,Black,6.21,50,56,94,37.3,1130,52,Canal,Sugarcane,5.27,5931,31.26
2022,Telangana,Salem,Black,7.12,72,32,38,21.6,934,91,Canal,Millets,3.88,4848,18.81
2014,Maharashtra,Mysuru,Sandy,6.93,109,25,50,37.9,851,68,Canal,Millets,3.72,3278,12.19
2023,Telangana,Krishna,Clay,6.11,79,76,35,35.3,1169,57,Sprinkler,Sugarcane,5.76,2239,12.9
2021,Maharashtra,Karimnagar,Black,6.34,27,32,112,20.7,581,77,Rainfed,Groundnut,1.98,2794,5.53
2021,Tamil Nadu,Warangal,Black,6.44,40,65,39,30.2,240,69,Sprinkler,Rice,5.09,2882,14.67
2017,Maharashtra,Guntur,Alluvial,7.45,120,50,81,28.1,999,57,Rainfed,Groundnut,4.89,4517,22.09
2022,Maharashtra,Coimbatore,Black,6.43,33,36,120,37,266,76,Sprinkler,Rice,1.99,4674,9.3
2014,Tamil Nadu,Anantapur,Red,5.75,74,24,92,30.4,863,58,Canal,Groundnut,1.51,3154,4.76
2017,Andhra Pradesh,Karimnagar,Red,6.41,53,52,93,38.9,249,52,Drip,Groundnut,6.32,3456,21.84
2015,Maharashtra,Krishna,Alluvial,5.87,46,66,61,35.6,396,74,Drip,Cotton,4.39,2974,13.06
2023,Tamil Nadu,Anantapur,Alluvial,8.15,36,20,119,22.6,370,50,Rainfed,Groundnut,1.99,5758,11.46
2016,Tamil Nadu,Karimnagar,Clay,7.79,103,68,116,36.6,1030,60,Sprinkler,Groundnut,2.98,3692,11
2014,Andhra Pradesh,Karimnagar,Alluvial,7.95,77,48,93,34.9,460,44,Drip,Sugarcane,5.61,3411,19.14
2022,Telangana,Coimbatore,Red,6.72,62,68,71,33.9,730,70,Sprinkler,Maize,3.26,5595,18.24
2017,Telangana,Krishna,Clay,8.4,89,17,119,29.9,208,74,Sprinkler,Rice,5.49,2306,12.66
2014,Tamil Nadu,Krishna,Red,7.33,108,48,54,33,368,74,Drip,Cotton,5.16,5566,28.72
2020,Andhra Pradesh,Anantapur,Alluvial,7.65,105,29,88,21.5,309,43,Drip,Rice,2.61,5760,15.03
2017,Karnataka,Coimbatore,Alluvial,7.96,78,55,82,38.6,636,92,Canal,Sugarcane,3.76,4387,16.5
2018,Tamil Nadu,Krishna,Sandy,6.6,110,36,86,29.6,727,53,Drip,Sugarcane,4.34,1447,6.28
2023,Andhra Pradesh,Coimbatore,Clay,7.17,114,76,100,33,214,88,Canal,Rice,5.66,4499,25.46
2018,Andhra Pradesh,Mysuru,Alluvial,5.86,75,75,103,34.2,850,85,Canal,Rice,6.21,1554,9.65
2017,Maharashtra,Karimnagar,Red,8.46,84,54,32,25.3,868,61,Rainfed,Millets,3.3,3385,11.17
2015,Tamil Nadu,Coimbatore,Red,6.42,112,14,57,34.6,1126,55,Sprinkler,Sugarcane,3.06,2981,9.12
2023,Andhra Pradesh,Karimnagar,Clay,6.69,34,18,68,31.8,929,86,Rainfed,Groundnut,1.83,5758,10.54
2021,Andhra Pradesh,Anantapur,Clay,6.34,78,79,90,39.9,966,47,Rainfed,Cotton,1.69,1783,3.01
2015,Tamil Nadu,Warangal,Black,6.33,64,26,80,35.7,1014,49,Rainfed,Maize,3.22,3466,11.16
2022,Tamil Nadu,Karimnagar,Alluvial,6.37,75,68,104,35.2,561,67,Canal,Groundnut,6.34,1802,11.42
2022,Telangana,Anantapur,Black,8.15,82,39,31,37.9,553,81,Sprinkler,Groundnut,4.43,4470,19.8
2019,Tamil Nadu,Mysuru,Clay,6.88,89,26,66,37.6,692,94,Sprinkler,Cotton,6.45,1741,11.23
2017,Andhra Pradesh,Karimnagar,Red,5.91,37,10,69,39.8,630,46,Drip,Rice,4.08,5159,21.05
2018,Andhra Pradesh,Karimnagar,Sandy,8.42,94,80,75,20.3,1091,77,Canal,Maize,2.9,5967,17.3
2023,Andhra Pradesh,Guntur,Clay,6.74,100,78,41,32.9,221,79,Canal,Cotton,2.37,4719,11.18
2021,Telangana,Anantapur,Alluvial,8.01,44,23,98,20.3,449,71,Rainfed,Millets,4.03,1716,6.92
2017,Telangana,Karimnagar,Red,5.63,45,16,42,31.8,838,94,Drip,Maize,1.81,1738,3.15
2014,Telangana,Mysuru,Sandy,6.6,47,75,59,26.7,790,69,Canal,Groundnut,5.46,1307,7.14
2018,Karnataka,Salem,Red,6.02,28,22,74,23.5,391,56,Rainfed,Sugarcane,1.69,2724,4.6
2016,Maharashtra,Warangal,Red,7.37,83,71,46,37,465,89,Rainfed,Maize,4.63,1315,6.09
2022,Karnataka,Guntur,Red,6.92,96,63,61,38,800,50,Drip,Cotton,4.44,5684,25.24
2016,Maharashtra,Krishna,Red,6.93,78,12,23,23.2,867,42,Rainfed,Sugarcane,5.37,4499,24.16
2022,Andhra Pradesh,Warangal,Alluvial,5.82,55,61,115,22.2,576,77,Rainfed,Millets,1.8,3234,5.82
2015,Telangana,Mysuru,Alluvial,8.17,107,56,23,30.2,298,76,Rainfed,Groundnut,5.66,4194,23.74
2017,Maharashtra,Mysuru,Clay,8.21,112,19,54,36.5,821,60,Rainfed,Sugarcane,5.61,3678,20.63
2015,Karnataka,Karimnagar,Alluvial,5.9,85,44,100,21.1,679,84,Drip,Rice,4.52,1911,8.64
2023,Karnataka,Guntur,Black,7.63,74,57,42,22,888,95,Drip,Groundnut,4.64,5938,27.55
2019,Telangana,Guntur,Black,7.48,112,10,83,20,695,67,Canal,Maize,4.41,3542,15.62
2014,Tamil Nadu,Guntur,Black,5.73,43,57,114,39,1125,48,Sprinkler,Millets,5.56,1229,6.83
2020,Maharashtra,Coimbatore,Red,5.99,25,19,22,37.6,928,90,Sprinkler,Millets,6.31,5635,35.56
2014,Andhra Pradesh,Krishna,Black,8.01,113,78,29,32.8,1175,88,Sprinkler,Sugarcane,4.54,5469,24.83
2023,Maharashtra,Anantapur,Alluvial,7.91,110,46,45,36.4,922,76,Sprinkler,Millets,5.89,5048,29.73
2019,Tamil Nadu,Anantapur,Sandy,6.98,51,21,95,26.9,733,68,Drip,Groundnut,1.69,3247,5.49
2018,Tamil Nadu,Krishna,Red,7.31,99,34,100,31.7,1189,62,Canal,Maize,1.78,4630,8.24
2022,Telangana,Warangal,Alluvial,6.23,49,28,33,35,276,52,Drip,Cotton,3.4,4494,15.28
2016,Tamil Nadu,Coimbatore,Alluvial,7.55,84,56,65,29.5,704,66,Sprinkler,Millets,3.19,3459,11.03
2020,Telangana,Warangal,Black,8.48,60,41,64,20.8,353,59,Canal,Millets,6.2,5083,31.51
2021,Andhra Pradesh,Salem,Clay,6.21,36,42,117,32.1,674,44,Sprinkler,Sugarcane,1.87,2546,4.76
2018,Maharashtra,Coimbatore,Alluvial,8.14,90,66,35,21.6,431,52,Sprinkler,Rice,5.19,2632,13.66
2020,Maharashtra,Guntur,Sandy,5.97,53,59,35,35.7,248,66,Rainfed,Millets,3.13,2219,6.95
2022,Maharashtra,Krishna,Alluvial,6,46,48,96,39.9,386,48,Sprinkler,Sugarcane,3.97,2035,8.08
2021,Tamil Nadu,Anantapur,Red,8.14,70,17,85,32.5,367,61,Sprinkler,Groundnut,2.65,3229,8.56
2016,Andhra Pradesh,Karimnagar,Black,7.66,32,51,103,21.2,681,85,Rainfed,Rice,3.27,2552,8.35
2018,Andhra Pradesh,Warangal,Black,6.39,30,32,44,25.9,301,93,Rainfed,Cotton,2.77,3266,9.05
2016,Tamil Nadu,Anantapur,Black,6.83,81,42,92,26.9,382,43,Sprinkler,Millets,5.63,3051,17.18
2018,Karnataka,Warangal,Alluvial,7.86,85,12,80,20.5,584,53,Canal,Sugarcane,3.37,5618,18.93
2022,Tamil Nadu,Karimnagar,Clay,6.38,105,66,66,37.5,887,77,Rainfed,Cotton,5.53,3274,18.11
2016,Tamil Nadu,Warangal,Red,6.78,67,46,109,28.3,1148,59,Drip,Millets,6.38,1729,11.03
2017,Andhra Pradesh,Karimnagar,Red,5.5,59,72,83,35.5,1128,94,Canal,Millets,1.9,1267,2.41
